Species;Date;Year;Quarter;Month;Index;Appr. ;Seq. no.;Haul;Validity (haul);Station name;Subsample;Processing;Grade;Sex;Subdivision;Rect.;ICES;Lat.;Lon.;Depth;Duration;Dist.;Doorspread;Opening;Headropedepth;Swept area (km²)/h;Kg/hour;Tot No./hour;Lengthcl;Mean weight;No./hour
Plaice;2015-02-26;2015;1;2;OXBH.2015.2;No;10048;2;V;SLAGGENABBEN;0;0;9;;25;3959;39G4;5528.9;1436.28;60.3;30;1.49;87.5;5.6;;0.483;36.6;232;190;;4
Plaice;2015-02-26;2015;1;2;OXBH.2015.2;No;10048;2;V;SLAGGENABBEN;0;0;9;;25;3959;39G4;5528.9;1436.28;60.3;30;1.49;87.5;5.6;;0.483;36.6;232;200;;6
Plaice;2015-02-26;2015;1;2;OXBH.2015.2;No;10048;2;V;SLAGGENABBEN;0;0;9;;25;3959;39G4;5528.9;1436.28;60.3;30;1.49;87.5;5.6;;0.483;36.6;232;210;;20
Plaice;2015-02-26;2015;1;2;OXBH.2015.2;No;10048;2;V;SLAGGENABBEN;0;0;9;;25;3959;39G4;5528.9;1436.28;60.3;30;1.49;87.5;5.6;;0.483;36.6;232;220;;12
Plaice;2015-02-26;2015;1;2;OXBH.2015.2;No;10048;2;V;SLAGGENABBEN;0;0;9;;25;3959;39G4;5528.9;1436.28;60.3;30;1.49;87.5;5.6;;0.483;36.6;232;230;;40
Plaice;2015-02-26;2015;1;2;OXBH.2015.2;No;10048;2;V;SLAGGENABBEN;0;0;9;;25;3959;39G4;5528.9;1436.28;60.3;30;1.49;87.5;5.6;;0.483;36.6;232;240;;20
Plaice;2015-02-26;2015;1;2;OXBH.2015.2;No;10048;2;V;SLAGGENABBEN;0;0;9;;25;3959;39G4;5528.9;1436.28;60.3;30;1.49;87.5;5.6;;0.483;36.6;232;250;;34
Plaice;2015-02-26;2015;1;2;OXBH.2015.2;No;10048;2;V;SLAGGENABBEN;0;0;9;;25;3959;39G4;5528.9;1436.28;60.3;30;1.49;87.5;5.6;;0.483;36.6;232;260;;24
Plaice;2015-02-26;2015;1;2;OXBH.2015.2;No;10048;2;V;SLAGGENABBEN;0;0;9;;25;3959;39G4;5528.9;1436.28;60.3;30;1.49;87.5;5.6;;0.483;36.6;232;270;;14
Plaice;2015-02-26;2015;1;2;OXBH.2015.2;No;10048;2;V;SLAGGENABBEN;0;0;9;;25;3959;39G4;5528.9;1436.28;60.3;30;1.49;87.5;5.6;;0.483;36.6;232;280;;12
Plaice;2015-02-26;2015;1;2;OXBH.2015.2;No;10048;2;V;SLAGGENABBEN;0;0;9;;25;3959;39G4;5528.9;1436.28;60.3;30;1.49;87.5;5.6;;0.483;36.6;232;290;;2
Plaice;2015-02-26;2015;1;2;OXBH.2015.2;No;10048;2;V;SLAGGENABBEN;0;0;9;;25;3959;39G4;5528.9;1436.28;60.3;30;1.49;87.5;5.6;;0.483;36.6;232;300;;16
Plaice;2015-02-26;2015;1;2;OXBH.2015.2;No;10048;2;V;SLAGGENABBEN;0;0;9;;25;3959;39G4;5528.9;1436.28;60.3;30;1.49;87.5;5.6;;0.483;36.6;232;310;;10
Plaice;2015-02-26;2015;1;2;OXBH.2015.2;No;10048;2;V;SLAGGENABBEN;0;0;9;;25;3959;39G4;5528.9;1436.28;60.3;30;1.49;87.5;5.6;;0.483;36.6;232;320;;6
Plaice;2015-02-26;2015;1;2;OXBH.2015.2;No;10048;2;V;SLAGGENABBEN;0;0;9;;25;3959;39G4;5528.9;1436.28;60.3;30;1.49;87.5;5.6;;0.483;36.6;232;330;;8
Plaice;2015-02-26;2015;1;2;OXBH.2015.2;No;10048;2;V;SLAGGENABBEN;0;0;9;;25;3959;39G4;5528.9;1436.28;60.3;30;1.49;87.5;5.6;;0.483;36.6;232;350;;4
Plaice;2015-02-26;2015;1;2;OXBH.2015.4;No;10049;4;V;11 E STENS HUVUD;0;0;9;;25;4059;40G4;5538.35;1437.37;59.9;30;1.48;83.1;5.9;;0.456;20.3;116;190;;6
Plaice;2015-02-26;2015;1;2;OXBH.2015.4;No;10049;4;V;11 E STENS HUVUD;0;0;9;;25;4059;40G4;5538.35;1437.37;59.9;30;1.48;83.1;5.9;;0.456;20.3;116;210;;4
Plaice;2015-02-26;2015;1;2;OXBH.2015.4;No;10049;4;V;11 E STENS HUVUD;0;0;9;;25;4059;40G4;5538.35;1437.37;59.9;30;1.48;83.1;5.9;;0.456;20.3;116;220;;18
Plaice;2015-02-26;2015;1;2;OXBH.2015.4;No;10049;4;V;11 E STENS HUVUD;0;0;9;;25;4059;40G4;5538.35;1437.37;59.9;30;1.48;83.1;5.9;;0.456;20.3;116;230;;12
Plaice;2015-02-26;2015;1;2;OXBH.2015.4;No;10049;4;V;11 E STENS HUVUD;0;0;9;;25;4059;40G4;5538.35;1437.37;59.9;30;1.48;83.1;5.9;;0.456;20.3;116;240;;6
Plaice;2015-02-26;2015;1;2;OXBH.2015.4;No;10049;4;V;11 E STENS HUVUD;0;0;9;;25;4059;40G4;5538.35;1437.37;59.9;30;1.48;83.1;5.9;;0.456;20.3;116;250;;16
Plaice;2015-02-26;2015;1;2;OXBH.2015.4;No;10049;4;V;11 E STENS HUVUD;0;0;9;;25;4059;40G4;5538.35;1437.37;59.9;30;1.48;83.1;5.9;;0.456;20.3;116;260;;12
Plaice;2015-02-26;2015;1;2;OXBH.2015.4;No;10049;4;V;11 E STENS HUVUD;0;0;9;;25;4059;40G4;5538.35;1437.37;59.9;30;1.48;83.1;5.9;;0.456;20.3;116;270;;6
Plaice;2015-02-26;2015;1;2;OXBH.2015.4;No;10049;4;V;11 E STENS HUVUD;0;0;9;;25;4059;40G4;5538.35;1437.37;59.9;30;1.48;83.1;5.9;;0.456;20.3;116;280;;4
Plaice;2015-02-26;2015;1;2;OXBH.2015.4;No;10049;4;V;11 E STENS HUVUD;0;0;9;;25;4059;40G4;5538.35;1437.37;59.9;30;1.48;83.1;5.9;;0.456;20.3;116;290;;4
Plaice;2015-02-26;2015;1;2;OXBH.2015.4;No;10049;4;V;11 E STENS HUVUD;0;0;9;;25;4059;40G4;5538.35;1437.37;59.9;30;1.48;83.1;5.9;;0.456;20.3;116;300;;4
Plaice;2015-02-26;2015;1;2;OXBH.2015.4;No;10049;4;V;11 E STENS HUVUD;0;0;9;;25;4059;40G4;5538.35;1437.37;59.9;30;1.48;83.1;5.9;;0.456;20.3;116;310;;10
Plaice;2015-02-26;2015;1;2;OXBH.2015.4;No;10049;4;V;11 E STENS HUVUD;0;0;9;;25;4059;40G4;5538.35;1437.37;59.9;30;1.48;83.1;5.9;;0.456;20.3;116;320;;6
Plaice;2015-02-26;2015;1;2;OXBH.2015.4;No;10049;4;V;11 E STENS HUVUD;0;0;9;;25;4059;40G4;5538.35;1437.37;59.9;30;1.48;83.1;5.9;;0.456;20.3;116;330;;6
Plaice;2015-02-26;2015;1;2;OXBH.2015.4;No;10049;4;V;11 E STENS HUVUD;0;0;9;;25;4059;40G4;5538.35;1437.37;59.9;30;1.48;83.1;5.9;;0.456;20.3;116;350;;2
Plaice;2015-02-26;2015;1;2;OXBH.2015.6;No;10050;6;V;RACKAPUTT C;0;0;9;;25;4059;40G4;5540.23;1429.75;49;30;1.5;85.6;5.9;;0.476;26.15;106;220;;6
Plaice;2015-02-26;2015;1;2;OXBH.2015.6;No;10050;6;V;RACKAPUTT C;0;0;9;;25;4059;40G4;5540.23;1429.75;49;30;1.5;85.6;5.9;;0.476;26.15;106;230;;2
Plaice;2015-02-26;2015;1;2;OXBH.2015.6;No;10050;6;V;RACKAPUTT C;0;0;9;;25;4059;40G4;5540.23;1429.75;49;30;1.5;85.6;5.9;;0.476;26.15;106;240;;8
Plaice;2015-02-26;2015;1;2;OXBH.2015.6;No;10050;6;V;RACKAPUTT C;0;0;9;;25;4059;40G4;5540.23;1429.75;49;30;1.5;85.6;5.9;;0.476;26.15;106;250;;10
Plaice;2015-02-26;2015;1;2;OXBH.2015.6;No;10050;6;V;RACKAPUTT C;0;0;9;;25;4059;40G4;5540.23;1429.75;49;30;1.5;85.6;5.9;;0.476;26.15;106;260;;14
Plaice;2015-02-26;2015;1;2;OXBH.2015.6;No;10050;6;V;RACKAPUTT C;0;0;9;;25;4059;40G4;5540.23;1429.75;49;30;1.5;85.6;5.9;;0.476;26.15;106;270;;2
Plaice;2015-02-26;2015;1;2;OXBH.2015.6;No;10050;6;V;RACKAPUTT C;0;0;9;;25;4059;40G4;5540.23;1429.75;49;30;1.5;85.6;5.9;;0.476;26.15;106;280;;6
Plaice;2015-02-26;2015;1;2;OXBH.2015.6;No;10050;6;V;RACKAPUTT C;0;0;9;;25;4059;40G4;5540.23;1429.75;49;30;1.5;85.6;5.9;;0.476;26.15;106;290;;4
Plaice;2015-02-26;2015;1;2;OXBH.2015.6;No;10050;6;V;RACKAPUTT C;0;0;9;;25;4059;40G4;5540.23;1429.75;49;30;1.5;85.6;5.9;;0.476;26.15;106;300;;6
Plaice;2015-02-26;2015;1;2;OXBH.2015.6;No;10050;6;V;RACKAPUTT C;0;0;9;;25;4059;40G4;5540.23;1429.75;49;30;1.5;85.6;5.9;;0.476;26.15;106;310;;4
Plaice;2015-02-26;2015;1;2;OXBH.2015.6;No;10050;6;V;RACKAPUTT C;0;0;9;;25;4059;40G4;5540.23;1429.75;49;30;1.5;85.6;5.9;;0.476;26.15;106;320;;10
Plaice;2015-02-26;2015;1;2;OXBH.2015.6;No;10050;6;V;RACKAPUTT C;0;0;9;;25;4059;40G4;5540.23;1429.75;49;30;1.5;85.6;5.9;;0.476;26.15;106;330;;16
Plaice;2015-02-26;2015;1;2;OXBH.2015.6;No;10050;6;V;RACKAPUTT C;0;0;9;;25;4059;40G4;5540.23;1429.75;49;30;1.5;85.6;5.9;;0.476;26.15;106;340;;12
Plaice;2015-02-26;2015;1;2;OXBH.2015.6;No;10050;6;V;RACKAPUTT C;0;0;9;;25;4059;40G4;5540.23;1429.75;49;30;1.5;85.6;5.9;;0.476;26.15;106;350;;2
Plaice;2015-02-26;2015;1;2;OXBH.2015.6;No;10050;6;V;RACKAPUTT C;0;0;9;;25;4059;40G4;5540.23;1429.75;49;30;1.5;85.6;5.9;;0.476;26.15;106;360;;2
Plaice;2015-02-26;2015;1;2;OXBH.2015.6;No;10050;6;V;RACKAPUTT C;0;0;9;;25;4059;40G4;5540.23;1429.75;49;30;1.5;85.6;5.9;;0.476;26.15;106;450;;2
Plaice;2015-02-26;2015;1;2;OXBH.2015.7;No;10051;7;V;RACKAPUTT 38 M;0;0;9;;25;4059;40G4;5542.45;1422.79;37.2;30;1.49;76.7;6.5;;0.423;13.892;54;170;;2
Plaice;2015-02-26;2015;1;2;OXBH.2015.7;No;10051;7;V;RACKAPUTT 38 M;0;0;9;;25;4059;40G4;5542.45;1422.79;37.2;30;1.49;76.7;6.5;;0.423;13.892;54;230;;6
Plaice;2015-02-26;2015;1;2;OXBH.2015.7;No;10051;7;V;RACKAPUTT 38 M;0;0;9;;25;4059;40G4;5542.45;1422.79;37.2;30;1.49;76.7;6.5;;0.423;13.892;54;240;;2
Plaice;2015-02-26;2015;1;2;OXBH.2015.7;No;10051;7;V;RACKAPUTT 38 M;0;0;9;;25;4059;40G4;5542.45;1422.79;37.2;30;1.49;76.7;6.5;;0.423;13.892;54;250;;6
Plaice;2015-02-26;2015;1;2;OXBH.2015.7;No;10051;7;V;RACKAPUTT 38 M;0;0;9;;25;4059;40G4;5542.45;1422.79;37.2;30;1.49;76.7;6.5;;0.423;13.892;54;260;;2
Plaice;2015-02-26;2015;1;2;OXBH.2015.7;No;10051;7;V;RACKAPUTT 38 M;0;0;9;;25;4059;40G4;5542.45;1422.79;37.2;30;1.49;76.7;6.5;;0.423;13.892;54;280;;6
Plaice;2015-02-26;2015;1;2;OXBH.2015.7;No;10051;7;V;RACKAPUTT 38 M;0;0;9;;25;4059;40G4;5542.45;1422.79;37.2;30;1.49;76.7;6.5;;0.423;13.892;54;290;;8
Plaice;2015-02-26;2015;1;2;OXBH.2015.7;No;10051;7;V;RACKAPUTT 38 M;0;0;9;;25;4059;40G4;5542.45;1422.79;37.2;30;1.49;76.7;6.5;;0.423;13.892;54;300;;4
Plaice;2015-02-26;2015;1;2;OXBH.2015.7;No;10051;7;V;RACKAPUTT 38 M;0;0;9;;25;4059;40G4;5542.45;1422.79;37.2;30;1.49;76.7;6.5;;0.423;13.892;54;310;;4
Plaice;2015-02-26;2015;1;2;OXBH.2015.7;No;10051;7;V;RACKAPUTT 38 M;0;0;9;;25;4059;40G4;5542.45;1422.79;37.2;30;1.49;76.7;6.5;;0.423;13.892;54;320;;4
Plaice;2015-02-26;2015;1;2;OXBH.2015.7;No;10051;7;V;RACKAPUTT 38 M;0;0;9;;25;4059;40G4;5542.45;1422.79;37.2;30;1.49;76.7;6.5;;0.423;13.892;54;330;;2
Plaice;2015-02-26;2015;1;2;OXBH.2015.7;No;10051;7;V;RACKAPUTT 38 M;0;0;9;;25;4059;40G4;5542.45;1422.79;37.2;30;1.49;76.7;6.5;;0.423;13.892;54;360;;4
Plaice;2015-02-26;2015;1;2;OXBH.2015.7;No;10051;7;V;RACKAPUTT 38 M;0;0;9;;25;4059;40G4;5542.45;1422.79;37.2;30;1.49;76.7;6.5;;0.423;13.892;54;380;;2
Plaice;2015-02-26;2015;1;2;OXBH.2015.7;No;10051;7;V;RACKAPUTT 38 M;0;0;9;;25;4059;40G4;5542.45;1422.79;37.2;30;1.49;76.7;6.5;;0.423;13.892;54;440;;2
Plaice;2015-02-27;2015;1;2;OXBH.2015.10;No;10052;10;V;E VÄNERSBORGSVRAKET;0;0;9;;25;4060;40G5;5541.34;1504.69;67;30;1.52;86;5.1;;0.484;106.6;649.1;180;;3
Plaice;2015-02-27;2015;1;2;OXBH.2015.10;No;10052;10;V;E VÄNERSBORGSVRAKET;0;0;9;;25;4060;40G5;5541.34;1504.69;67;30;1.52;86;5.1;;0.484;106.6;649.1;190;;11.9
Plaice;2015-02-27;2015;1;2;OXBH.2015.10;No;10052;10;V;E VÄNERSBORGSVRAKET;0;0;9;;25;4060;40G5;5541.34;1504.69;67;30;1.52;86;5.1;;0.484;106.6;649.1;200;;23.8
Plaice;2015-02-27;2015;1;2;OXBH.2015.10;No;10052;10;V;E VÄNERSBORGSVRAKET;0;0;9;;25;4060;40G5;5541.34;1504.69;67;30;1.52;86;5.1;;0.484;106.6;649.1;210;;53.6
Plaice;2015-02-27;2015;1;2;OXBH.2015.10;No;10052;10;V;E VÄNERSBORGSVRAKET;0;0;9;;25;4060;40G5;5541.34;1504.69;67;30;1.52;86;5.1;;0.484;106.6;649.1;220;;113.2
Plaice;2015-02-27;2015;1;2;OXBH.2015.10;No;10052;10;V;E VÄNERSBORGSVRAKET;0;0;9;;25;4060;40G5;5541.34;1504.69;67;30;1.52;86;5.1;;0.484;106.6;649.1;230;;68.5
Plaice;2015-02-27;2015;1;2;OXBH.2015.10;No;10052;10;V;E VÄNERSBORGSVRAKET;0;0;9;;25;4060;40G5;5541.34;1504.69;67;30;1.52;86;5.1;;0.484;106.6;649.1;240;;104.2
Plaice;2015-02-27;2015;1;2;OXBH.2015.10;No;10052;10;V;E VÄNERSBORGSVRAKET;0;0;9;;25;4060;40G5;5541.34;1504.69;67;30;1.52;86;5.1;;0.484;106.6;649.1;250;;71.5
Plaice;2015-02-27;2015;1;2;OXBH.2015.10;No;10052;10;V;E VÄNERSBORGSVRAKET;0;0;9;;25;4060;40G5;5541.34;1504.69;67;30;1.52;86;5.1;;0.484;106.6;649.1;260;;53.6
Plaice;2015-02-27;2015;1;2;OXBH.2015.10;No;10052;10;V;E VÄNERSBORGSVRAKET;0;0;9;;25;4060;40G5;5541.34;1504.69;67;30;1.52;86;5.1;;0.484;106.6;649.1;280;;26.8
Plaice;2015-02-27;2015;1;2;OXBH.2015.10;No;10052;10;V;E VÄNERSBORGSVRAKET;0;0;9;;25;4060;40G5;5541.34;1504.69;67;30;1.52;86;5.1;;0.484;106.6;649.1;290;;17.9
Plaice;2015-02-27;2015;1;2;OXBH.2015.10;No;10052;10;V;E VÄNERSBORGSVRAKET;0;0;9;;25;4060;40G5;5541.34;1504.69;67;30;1.52;86;5.1;;0.484;106.6;649.1;300;;29.8
Plaice;2015-02-27;2015;1;2;OXBH.2015.10;No;10052;10;V;E VÄNERSBORGSVRAKET;0;0;9;;25;4060;40G5;5541.34;1504.69;67;30;1.52;86;5.1;;0.484;106.6;649.1;310;;17.9
Plaice;2015-02-27;2015;1;2;OXBH.2015.10;No;10052;10;V;E VÄNERSBORGSVRAKET;0;0;9;;25;4060;40G5;5541.34;1504.69;67;30;1.52;86;5.1;;0.484;106.6;649.1;320;;11.9
Plaice;2015-02-27;2015;1;2;OXBH.2015.10;No;10052;10;V;E VÄNERSBORGSVRAKET;0;0;9;;25;4060;40G5;5541.34;1504.69;67;30;1.52;86;5.1;;0.484;106.6;649.1;330;;23.8
Plaice;2015-02-27;2015;1;2;OXBH.2015.10;No;10052;10;V;E VÄNERSBORGSVRAKET;0;0;9;;25;4060;40G5;5541.34;1504.69;67;30;1.52;86;5.1;;0.484;106.6;649.1;340;;8.9
Plaice;2015-02-27;2015;1;2;OXBH.2015.10;No;10052;10;V;E VÄNERSBORGSVRAKET;0;0;9;;25;4060;40G5;5541.34;1504.69;67;30;1.52;86;5.1;;0.484;106.6;649.1;350;;3
Plaice;2015-02-27;2015;1;2;OXBH.2015.10;No;10052;10;V;E VÄNERSBORGSVRAKET;0;0;9;;25;4060;40G5;5541.34;1504.69;67;30;1.52;86;5.1;;0.484;106.6;649.1;370;;3
Plaice;2015-02-27;2015;1;2;OXBH.2015.10;No;10052;10;V;E VÄNERSBORGSVRAKET;0;0;9;;25;4060;40G5;5541.34;1504.69;67;30;1.52;86;5.1;;0.484;106.6;649.1;390;;3
Plaice;2015-02-27;2015;1;2;OXBH.2015.12;No;10053;12;V;3 NW VÄSTRA NABBEN;0;0;9;;25;4060;40G5;5548.9;1515.3;51.7;30;1.5;88.7;5.3;;0.493;9.392;64;170;;2
Plaice;2015-02-27;2015;1;2;OXBH.2015.12;No;10053;12;V;3 NW VÄSTRA NABBEN;0;0;9;;25;4060;40G5;5548.9;1515.3;51.7;30;1.5;88.7;5.3;;0.493;9.392;64;190;;2
Plaice;2015-02-27;2015;1;2;OXBH.2015.12;No;10053;12;V;3 NW VÄSTRA NABBEN;0;0;9;;25;4060;40G5;5548.9;1515.3;51.7;30;1.5;88.7;5.3;;0.493;9.392;64;210;;6
Plaice;2015-02-27;2015;1;2;OXBH.2015.12;No;10053;12;V;3 NW VÄSTRA NABBEN;0;0;9;;25;4060;40G5;5548.9;1515.3;51.7;30;1.5;88.7;5.3;;0.493;9.392;64;220;;6
Plaice;2015-02-27;2015;1;2;OXBH.2015.12;No;10053;12;V;3 NW VÄSTRA NABBEN;0;0;9;;25;4060;40G5;5548.9;1515.3;51.7;30;1.5;88.7;5.3;;0.493;9.392;64;230;;10
Plaice;2015-02-27;2015;1;2;OXBH.2015.12;No;10053;12;V;3 NW VÄSTRA NABBEN;0;0;9;;25;4060;40G5;5548.9;1515.3;51.7;30;1.5;88.7;5.3;;0.493;9.392;64;240;;6
Plaice;2015-02-27;2015;1;2;OXBH.2015.12;No;10053;12;V;3 NW VÄSTRA NABBEN;0;0;9;;25;4060;40G5;5548.9;1515.3;51.7;30;1.5;88.7;5.3;;0.493;9.392;64;250;;6
Plaice;2015-02-27;2015;1;2;OXBH.2015.12;No;10053;12;V;3 NW VÄSTRA NABBEN;0;0;9;;25;4060;40G5;5548.9;1515.3;51.7;30;1.5;88.7;5.3;;0.493;9.392;64;260;;6
Plaice;2015-02-27;2015;1;2;OXBH.2015.12;No;10053;12;V;3 NW VÄSTRA NABBEN;0;0;9;;25;4060;40G5;5548.9;1515.3;51.7;30;1.5;88.7;5.3;;0.493;9.392;64;270;;8
Plaice;2015-02-27;2015;1;2;OXBH.2015.12;No;10053;12;V;3 NW VÄSTRA NABBEN;0;0;9;;25;4060;40G5;5548.9;1515.3;51.7;30;1.5;88.7;5.3;;0.493;9.392;64;280;;4
Plaice;2015-02-27;2015;1;2;OXBH.2015.12;No;10053;12;V;3 NW VÄSTRA NABBEN;0;0;9;;25;4060;40G5;5548.9;1515.3;51.7;30;1.5;88.7;5.3;;0.493;9.392;64;290;;2
Plaice;2015-02-27;2015;1;2;OXBH.2015.12;No;10053;12;V;3 NW VÄSTRA NABBEN;0;0;9;;25;4060;40G5;5548.9;1515.3;51.7;30;1.5;88.7;5.3;;0.493;9.392;64;300;;2
Plaice;2015-02-27;2015;1;2;OXBH.2015.12;No;10053;12;V;3 NW VÄSTRA NABBEN;0;0;9;;25;4060;40G5;5548.9;1515.3;51.7;30;1.5;88.7;5.3;;0.493;9.392;64;320;;2
Plaice;2015-02-27;2015;1;2;OXBH.2015.12;No;10053;12;V;3 NW VÄSTRA NABBEN;0;0;9;;25;4060;40G5;5548.9;1515.3;51.7;30;1.5;88.7;5.3;;0.493;9.392;64;340;;2
Plaice;2015-02-27;2015;1;2;OXBH.2015.14;No;10054;14;V;3 N VÄSTRA NABBEN;0;0;9;;25;4060;40G5;5548.42;1517.49;55;30;1.47;89;5;;0.485;5.824;40;200;;6
Plaice;2015-02-27;2015;1;2;OXBH.2015.14;No;10054;14;V;3 N VÄSTRA NABBEN;0;0;9;;25;4060;40G5;5548.42;1517.49;55;30;1.47;89;5;;0.485;5.824;40;210;;2
Plaice;2015-02-27;2015;1;2;OXBH.2015.14;No;10054;14;V;3 N VÄSTRA NABBEN;0;0;9;;25;4060;40G5;5548.42;1517.49;55;30;1.47;89;5;;0.485;5.824;40;230;;6
Plaice;2015-02-27;2015;1;2;OXBH.2015.14;No;10054;14;V;3 N VÄSTRA NABBEN;0;0;9;;25;4060;40G5;5548.42;1517.49;55;30;1.47;89;5;;0.485;5.824;40;240;;4
Plaice;2015-02-27;2015;1;2;OXBH.2015.14;No;10054;14;V;3 N VÄSTRA NABBEN;0;0;9;;25;4060;40G5;5548.42;1517.49;55;30;1.47;89;5;;0.485;5.824;40;250;;6
Plaice;2015-02-27;2015;1;2;OXBH.2015.14;No;10054;14;V;3 N VÄSTRA NABBEN;0;0;9;;25;4060;40G5;5548.42;1517.49;55;30;1.47;89;5;;0.485;5.824;40;260;;8
Plaice;2015-02-27;2015;1;2;OXBH.2015.14;No;10054;14;V;3 N VÄSTRA NABBEN;0;0;9;;25;4060;40G5;5548.42;1517.49;55;30;1.47;89;5;;0.485;5.824;40;270;;4
Plaice;2015-02-27;2015;1;2;OXBH.2015.14;No;10054;14;V;3 N VÄSTRA NABBEN;0;0;9;;25;4060;40G5;5548.42;1517.49;55;30;1.47;89;5;;0.485;5.824;40;290;;2
Plaice;2015-02-27;2015;1;2;OXBH.2015.14;No;10054;14;V;3 N VÄSTRA NABBEN;0;0;9;;25;4060;40G5;5548.42;1517.49;55;30;1.47;89;5;;0.485;5.824;40;310;;2
Plaice;2015-02-27;2015;1;2;OXBH.2015.15;No;10055;15;V;5 N TÅNGEN;0;0;9;;25;4060;40G5;5548.15;1548.12;56;30;1.51;86;5.4;;0.481;1.14;6;220;;4
Plaice;2015-02-27;2015;1;2;OXBH.2015.15;No;10055;15;V;5 N TÅNGEN;0;0;9;;25;4060;40G5;5548.15;1548.12;56;30;1.51;86;5.4;;0.481;1.14;6;250;;2
Plaice;2015-02-27;2015;1;2;OXBH.2015.17;No;10056;17;V;11 SE UTKLIPPAN;0;0;9;;25;4060;40G5;5550.08;1556.53;57;30;1.49;87.6;5.3;;0.483;1.204;8;210;;4
Plaice;2015-02-27;2015;1;2;OXBH.2015.17;No;10056;17;V;11 SE UTKLIPPAN;0;0;9;;25;4060;40G5;5550.08;1556.53;57;30;1.49;87.6;5.3;;0.483;1.204;8;250;;2
Plaice;2015-02-27;2015;1;2;OXBH.2015.17;No;10056;17;V;11 SE UTKLIPPAN;0;0;9;;25;4060;40G5;5550.08;1556.53;57;30;1.49;87.6;5.3;;0.483;1.204;8;310;;2
Plaice;2015-02-28;2015;1;2;OXBH.2015.20;No;10057;20;V;11 S HOBURG BANK;;;;;26;4163;41G8;5623.64;1829.38;37.7;30;1.5;;;;;;;;;
Plaice;2015-02-28;2015;1;2;OXBH.2015.21;No;10058;21;V;12 SSW HOBURG BANK;0;0;9;;26;4163;41G8;5624.19;1829.18;34.5;30;1.5;82.6;6.1;;0.459;0.472;2;270;;2
Plaice;2015-02-28;2015;1;2;OXBH.2015.22;No;10060;22;V;16 SSW HOBURG BANK;0;0;9;;26;4163;41G8;5621.03;1826.74;42;30;1.51;84.4;5.9;;0.472;0.628;4;260;;2
Plaice;2015-02-28;2015;1;2;OXBH.2015.22;No;10060;22;V;16 SSW HOBURG BANK;0;0;9;;26;4163;41G8;5621.03;1826.74;42;30;1.51;84.4;5.9;;0.472;0.628;4;270;;2
Plaice;2015-02-28;2015;1;2;OXBH.2015.25;No;10059;25;V;15 S HOBURG BANK;;;;;26;4163;41G8;5619.33;1832.25;76;30;1.5;;;;;;;;;
Plaice;2015-02-28;2015;1;2;OXBH.2015.27;No;10061;27;N;6 NW BANANBANKEN;;;;;26;4163;41G8;5620;1843;113;30;1.5;;;;;;;;;
Plaice;2015-02-28;2015;1;2;OXBH.2015.28;No;10062;28;V;14 W BANANBANKEN;;;;;26;4163;41G8;5612.36;1821.72;69.3;30;1.52;;;;;;;;;
Plaice;2015-03-01;2015;1;3;OXBH.2015.32;No;10063;32;V;5 ESE NÄR;;;;;28;4363;43G8;5711.87;1849.92;43;29;1.45;;;;;;;;;
Plaice;2015-03-01;2015;1;3;OXBH.2015.33;No;10064;33;V;5 SE NÄR;;;;;28;4363;43G8;5710.57;1852.33;50.5;25;1.26;;;;;;;;;
Plaice;2015-03-01;2015;1;3;OXBH.2015.34;No;10065;34;V;12 E LJUGARN;0;0;9;;28;4364;43G9;5719.71;1905;67.3;30;1.52;87.1;5.4;;0.49;0.732;10;170;;2
Plaice;2015-03-01;2015;1;3;OXBH.2015.34;No;10065;34;V;12 E LJUGARN;0;0;9;;28;4364;43G9;5719.71;1905;67.3;30;1.52;87.1;5.4;;0.49;0.732;10;180;;2
Plaice;2015-03-01;2015;1;3;OXBH.2015.34;No;10065;34;V;12 E LJUGARN;0;0;9;;28;4364;43G9;5719.71;1905;67.3;30;1.52;87.1;5.4;;0.49;0.732;10;190;;2
Plaice;2015-03-01;2015;1;3;OXBH.2015.34;No;10065;34;V;12 E LJUGARN;0;0;9;;28;4364;43G9;5719.71;1905;67.3;30;1.52;87.1;5.4;;0.49;0.732;10;200;;4
Plaice;2015-03-01;2015;1;3;OXBH.2015.37;No;10066;37;N;8 SE ÖSTERGARN NORD;;;;;28;4364;43G9;5723;1912;85;30;1.5;;;;;;;;;
Plaice;2015-03-01;2015;1;3;OXBH.2015.39;No;10067;39;N;13 E LJUGARN;;;;;28;4364;43G9;5717;1906;82.5;30;1.5;;;;;;;;;
Plaice;2015-03-01;2015;1;3;OXBH.2015.41;No;10068;41;N;12 E NÄR;;;;;28;4364;43G9;5712;1903;83;30;1.5;;;;;;;;;
Plaice;2015-03-02;2015;1;3;OXBH.2015.42;No;10070;42;V;3,8 SE GRAUTEN NORD;;;;;28;4464;44G9;5743.21;1910.64;42;30;1.48;;;;;;;;;
Plaice;2015-03-02;2015;1;3;OXBH.2015.44;No;10069;44;V;5 SE FÅRÖ;;;;;28;4464;44G9;5752.41;1925.17;48;30;1.51;;;;;;;;;
Plaice;2015-03-02;2015;1;3;OXBH.2015.47;No;10071;47;N;8 SE FÅRÖ;;;;;28;4464;44G9;5750;1931.8;81;30;1.5;;;;;;;;;
Plaice;2015-03-02;2015;1;3;OXBH.2015.48;No;10072;48;V;6,5 SE FÅRÖ;;;;;28;4464;44G9;5751.49;1928.54;69;30;1.49;;;;;;;;;
Plaice;2015-03-02;2015;1;3;OXBH.2015.51;No;10073;51;N;E SALVOREV;;;;;28;4564;45G9;5802.85;1928.1;88.5;30;1.5;;;;;;;;;
Plaice;2015-03-03;2015;1;3;OXBH.2015.52;No;10074;52;V;6,5 ENE FÅRÖ;;;;;28;4464;44G9;5758.77;1933.46;71.7;30;1.48;;;;;;;;;
Plaice;2015-03-03;2015;1;3;OXBH.2015.55;No;10075;55;V;2 E SALVOREV;;;;;28;4564;45G9;5803.3;1926.72;74;30;1.51;;;;;;;;;
Plaice;2015-03-03;2015;1;3;OXBH.2015.57;No;10076;57;N;10 NW VISBY;;;;;27;4463;44G8;5745.8;1807.3;104;30;1.5;;;;;;;;;
Plaice;2015-03-03;2015;1;3;OXBH.2015.59;No;10097;59;N;5 SSE KNOLLS GRUND;;;;;27;4362;43G7;5729.5;1734.1;74;30;1.5;;;;;;;;;
Plaice;2015-03-04;2015;1;3;OXBH.2015.61;No;10078;61;N;11,5 NW HOBURG;;;;;27;4362;43G7;5703.6;1752.1;84;30;1.5;;;;;;;;;
Plaice;2015-03-04;2015;1;3;OXBH.2015.62;No;10079;62;A;8 NW HOBURG;;;;;27;4362;43G7;5701.35;1757.31;65;30;1.51;;;;;;;;;
Plaice;2015-03-04;2015;1;3;OXBH.2015.65;No;10080;65;V;7 ESE HÖGBY FYR;;;;;27;4362;43G7;5705.86;1717.05;72.7;30;1.51;;;;;;;;;
Plaice;2015-03-04;2015;1;3;OXBH.2015.66;No;10081;66;V;9 SE KAPELLUDDEN;;;;;27;4261;42G6;5643.54;1659.61;66;30;1.48;;;;;;;;;
Plaice;2015-03-05;2015;1;3;OXBH.2015.69;No;10082;69;N;8 SE BLÄSINGE;;;;;27;4261;42G6;5632;1655;72;30;1.5;;;;;;;;;
Plaice;2015-03-05;2015;1;3;OXBH.2015.70;No;10083;70;A;6 SE BLÄSINGE;;;;;27;4261;42G6;5634.3;1651.19;62.6;30;1.51;;;;;;;;;
Plaice;2015-03-05;2015;1;3;OXBH.2015.73;No;10084;73;N;15 NE SEGERSTAD;;;;;25;4161;41G6;5629;1657.4;70;30;1.5;;;;;;;;;
Plaice;2015-03-05;2015;1;3;OXBH.2015.75;No;10085;75;A;6,5 NE SEGERSTAD;0;0;9;;25;4161;41G6;5627.11;1646.67;61.2;30;1.54;82.9;4.8;;0.473;0.748;8;190;;2
Plaice;2015-03-05;2015;1;3;OXBH.2015.75;No;10085;75;A;6,5 NE SEGERSTAD;0;0;9;;25;4161;41G6;5627.11;1646.67;61.2;30;1.54;82.9;4.8;;0.473;0.748;8;210;;2
Plaice;2015-03-05;2015;1;3;OXBH.2015.75;No;10085;75;A;6,5 NE SEGERSTAD;0;0;9;;25;4161;41G6;5627.11;1646.67;61.2;30;1.54;82.9;4.8;;0.473;0.748;8;230;;2
Plaice;2015-03-05;2015;1;3;OXBH.2015.75;No;10085;75;A;6,5 NE SEGERSTAD;0;0;9;;25;4161;41G6;5627.11;1646.67;61.2;30;1.54;82.9;4.8;;0.473;0.748;8;240;;2
Plaice;2015-03-05;2015;1;3;OXBH.2015.76;No;10086;76;V;18 ENE NORRA MIDSJÖBANKEN;0;0;9;;25;4162;41G7;5615.4;1753.17;46.3;30;1.5;79.4;5.6;;0.441;0.68;4;250;;2
Plaice;2015-03-05;2015;1;3;OXBH.2015.76;No;10086;76;V;18 ENE NORRA MIDSJÖBANKEN;0;0;9;;25;4162;41G7;5615.4;1753.17;46.3;30;1.5;79.4;5.6;;0.441;0.68;4;260;;2
Plaice;2015-03-06;2015;1;3;OXBH.2015.79;No;10087;79;V;5 SSE BANANBANKEN;;;;;26;4163;41G8;5602.35;1856.29;121.3;30;1.5;;;;;;;;;
Plaice;2015-03-06;2015;1;3;OXBH.2015.80;No;10088;80;V;26 E NORRA MIDSJÖBANKEN;0;0;9;;26;4163;41G8;5606.42;1807.46;56.4;30;1.5;83;5.4;;0.461;0.192;2;220;;2
Plaice;2015-03-06;2015;1;3;OXBH.2015.82;No;10089;82;V;7 NNE HOLGERS STEN;0;0;9;;25;4061;40G6;5546.01;1639.65;55;30;1.52;83;5.2;;0.467;1.028;10;190;;2
Plaice;2015-03-06;2015;1;3;OXBH.2015.82;No;10089;82;V;7 NNE HOLGERS STEN;0;0;9;;25;4061;40G6;5546.01;1639.65;55;30;1.52;83;5.2;;0.467;1.028;10;200;;2
Plaice;2015-03-06;2015;1;3;OXBH.2015.82;No;10089;82;V;7 NNE HOLGERS STEN;0;0;9;;25;4061;40G6;5546.01;1639.65;55;30;1.52;83;5.2;;0.467;1.028;10;210;;2
Plaice;2015-03-06;2015;1;3;OXBH.2015.82;No;10089;82;V;7 NNE HOLGERS STEN;0;0;9;;25;4061;40G6;5546.01;1639.65;55;30;1.52;83;5.2;;0.467;1.028;10;230;;2
Plaice;2015-03-06;2015;1;3;OXBH.2015.82;No;10089;82;V;7 NNE HOLGERS STEN;0;0;9;;25;4061;40G6;5546.01;1639.65;55;30;1.52;83;5.2;;0.467;1.028;10;260;;2
Plaice;2015-03-07;2015;1;3;OXBH.2015.85;No;10090;85;V;3 W TENERIFFA;0;0;9;;25;4061;40G6;5548.36;1631.41;56.4;30;1.5;83.4;5.2;;0.463;1.968;14;220;;4
Plaice;2015-03-07;2015;1;3;OXBH.2015.85;No;10090;85;V;3 W TENERIFFA;0;0;9;;25;4061;40G6;5548.36;1631.41;56.4;30;1.5;83.4;5.2;;0.463;1.968;14;240;;2
Plaice;2015-03-07;2015;1;3;OXBH.2015.85;No;10090;85;V;3 W TENERIFFA;0;0;9;;25;4061;40G6;5548.36;1631.41;56.4;30;1.5;83.4;5.2;;0.463;1.968;14;250;;4
Plaice;2015-03-07;2015;1;3;OXBH.2015.85;No;10090;85;V;3 W TENERIFFA;0;0;9;;25;4061;40G6;5548.36;1631.41;56.4;30;1.5;83.4;5.2;;0.463;1.968;14;260;;2
Plaice;2015-03-07;2015;1;3;OXBH.2015.85;No;10090;85;V;3 W TENERIFFA;0;0;9;;25;4061;40G6;5548.36;1631.41;56.4;30;1.5;83.4;5.2;;0.463;1.968;14;280;;2
Plaice;2015-03-07;2015;1;3;OXBH.2015.87;No;10091;87;V;INRE U10;0;0;9;;25;4060;40G5;5547.86;1557.8;60.7;30;1.51;85.4;4.9;;0.478;3.44;24;200;;2
Plaice;2015-03-07;2015;1;3;OXBH.2015.87;No;10091;87;V;INRE U10;0;0;9;;25;4060;40G5;5547.86;1557.8;60.7;30;1.51;85.4;4.9;;0.478;3.44;24;220;;2
Plaice;2015-03-07;2015;1;3;OXBH.2015.87;No;10091;87;V;INRE U10;0;0;9;;25;4060;40G5;5547.86;1557.8;60.7;30;1.51;85.4;4.9;;0.478;3.44;24;230;;2
Plaice;2015-03-07;2015;1;3;OXBH.2015.87;No;10091;87;V;INRE U10;0;0;9;;25;4060;40G5;5547.86;1557.8;60.7;30;1.51;85.4;4.9;;0.478;3.44;24;240;;6
Plaice;2015-03-07;2015;1;3;OXBH.2015.87;No;10091;87;V;INRE U10;0;0;9;;25;4060;40G5;5547.86;1557.8;60.7;30;1.51;85.4;4.9;;0.478;3.44;24;260;;2
Plaice;2015-03-07;2015;1;3;OXBH.2015.87;No;10091;87;V;INRE U10;0;0;9;;25;4060;40G5;5547.86;1557.8;60.7;30;1.51;85.4;4.9;;0.478;3.44;24;270;;6
Plaice;2015-03-07;2015;1;3;OXBH.2015.87;No;10091;87;V;INRE U10;0;0;9;;25;4060;40G5;5547.86;1557.8;60.7;30;1.51;85.4;4.9;;0.478;3.44;24;280;;2
Plaice;2015-03-07;2015;1;3;OXBH.2015.87;No;10091;87;V;INRE U10;0;0;9;;25;4060;40G5;5547.86;1557.8;60.7;30;1.51;85.4;4.9;;0.478;3.44;24;310;;2
Plaice;2015-03-07;2015;1;3;OXBH.2015.88;No;10092;88;V;1 WNW VÄSTRA NABBEN;0;0;9;;25;4060;40G5;5546.2;1518.06;55.7;30;1.5;88.4;5.1;;0.491;29.4;166;190;;2
Plaice;2015-03-07;2015;1;3;OXBH.2015.88;No;10092;88;V;1 WNW VÄSTRA NABBEN;0;0;9;;25;4060;40G5;5546.2;1518.06;55.7;30;1.5;88.4;5.1;;0.491;29.4;166;200;;2
Plaice;2015-03-07;2015;1;3;OXBH.2015.88;No;10092;88;V;1 WNW VÄSTRA NABBEN;0;0;9;;25;4060;40G5;5546.2;1518.06;55.7;30;1.5;88.4;5.1;;0.491;29.4;166;210;;4
Plaice;2015-03-07;2015;1;3;OXBH.2015.88;No;10092;88;V;1 WNW VÄSTRA NABBEN;0;0;9;;25;4060;40G5;5546.2;1518.06;55.7;30;1.5;88.4;5.1;;0.491;29.4;166;220;;8
Plaice;2015-03-07;2015;1;3;OXBH.2015.88;No;10092;88;V;1 WNW VÄSTRA NABBEN;0;0;9;;25;4060;40G5;5546.2;1518.06;55.7;30;1.5;88.4;5.1;;0.491;29.4;166;230;;20
Plaice;2015-03-07;2015;1;3;OXBH.2015.88;No;10092;88;V;1 WNW VÄSTRA NABBEN;0;0;9;;25;4060;40G5;5546.2;1518.06;55.7;30;1.5;88.4;5.1;;0.491;29.4;166;240;;30
Plaice;2015-03-07;2015;1;3;OXBH.2015.88;No;10092;88;V;1 WNW VÄSTRA NABBEN;0;0;9;;25;4060;40G5;5546.2;1518.06;55.7;30;1.5;88.4;5.1;;0.491;29.4;166;250;;28
Plaice;2015-03-07;2015;1;3;OXBH.2015.88;No;10092;88;V;1 WNW VÄSTRA NABBEN;0;0;9;;25;4060;40G5;5546.2;1518.06;55.7;30;1.5;88.4;5.1;;0.491;29.4;166;260;;16
Plaice;2015-03-07;2015;1;3;OXBH.2015.88;No;10092;88;V;1 WNW VÄSTRA NABBEN;0;0;9;;25;4060;40G5;5546.2;1518.06;55.7;30;1.5;88.4;5.1;;0.491;29.4;166;270;;10
Plaice;2015-03-07;2015;1;3;OXBH.2015.88;No;10092;88;V;1 WNW VÄSTRA NABBEN;0;0;9;;25;4060;40G5;5546.2;1518.06;55.7;30;1.5;88.4;5.1;;0.491;29.4;166;280;;16
Plaice;2015-03-07;2015;1;3;OXBH.2015.88;No;10092;88;V;1 WNW VÄSTRA NABBEN;0;0;9;;25;4060;40G5;5546.2;1518.06;55.7;30;1.5;88.4;5.1;;0.491;29.4;166;290;;4
Plaice;2015-03-07;2015;1;3;OXBH.2015.88;No;10092;88;V;1 WNW VÄSTRA NABBEN;0;0;9;;25;4060;40G5;5546.2;1518.06;55.7;30;1.5;88.4;5.1;;0.491;29.4;166;300;;4
Plaice;2015-03-07;2015;1;3;OXBH.2015.88;No;10092;88;V;1 WNW VÄSTRA NABBEN;0;0;9;;25;4060;40G5;5546.2;1518.06;55.7;30;1.5;88.4;5.1;;0.491;29.4;166;310;;10
Plaice;2015-03-07;2015;1;3;OXBH.2015.88;No;10092;88;V;1 WNW VÄSTRA NABBEN;0;0;9;;25;4060;40G5;5546.2;1518.06;55.7;30;1.5;88.4;5.1;;0.491;29.4;166;320;;2
Plaice;2015-03-07;2015;1;3;OXBH.2015.88;No;10092;88;V;1 WNW VÄSTRA NABBEN;0;0;9;;25;4060;40G5;5546.2;1518.06;55.7;30;1.5;88.4;5.1;;0.491;29.4;166;330;;2
Plaice;2015-03-07;2015;1;3;OXBH.2015.88;No;10092;88;V;1 WNW VÄSTRA NABBEN;0;0;9;;25;4060;40G5;5546.2;1518.06;55.7;30;1.5;88.4;5.1;;0.491;29.4;166;340;;6
Plaice;2015-03-07;2015;1;3;OXBH.2015.88;No;10092;88;V;1 WNW VÄSTRA NABBEN;0;0;9;;25;4060;40G5;5546.2;1518.06;55.7;30;1.5;88.4;5.1;;0.491;29.4;166;350;;2
Plaice;2015-03-07;2015;1;3;OXBH.2015.90;No;10093;90;V;6 ESE VÄNERSBORGSVRAKET;0;0;9;;25;4060;40G5;5539.85;1516.63;69.8;30;1.52;90.2;4.4;;0.508;15.4;138;190;;6
Plaice;2015-03-07;2015;1;3;OXBH.2015.90;No;10093;90;V;6 ESE VÄNERSBORGSVRAKET;0;0;9;;25;4060;40G5;5539.85;1516.63;69.8;30;1.52;90.2;4.4;;0.508;15.4;138;200;;14
Plaice;2015-03-07;2015;1;3;OXBH.2015.90;No;10093;90;V;6 ESE VÄNERSBORGSVRAKET;0;0;9;;25;4060;40G5;5539.85;1516.63;69.8;30;1.52;90.2;4.4;;0.508;15.4;138;210;;22
Plaice;2015-03-07;2015;1;3;OXBH.2015.90;No;10093;90;V;6 ESE VÄNERSBORGSVRAKET;0;0;9;;25;4060;40G5;5539.85;1516.63;69.8;30;1.52;90.2;4.4;;0.508;15.4;138;220;;22
Plaice;2015-03-07;2015;1;3;OXBH.2015.90;No;10093;90;V;6 ESE VÄNERSBORGSVRAKET;0;0;9;;25;4060;40G5;5539.85;1516.63;69.8;30;1.52;90.2;4.4;;0.508;15.4;138;230;;20
Plaice;2015-03-07;2015;1;3;OXBH.2015.90;No;10093;90;V;6 ESE VÄNERSBORGSVRAKET;0;0;9;;25;4060;40G5;5539.85;1516.63;69.8;30;1.52;90.2;4.4;;0.508;15.4;138;240;;26
Plaice;2015-03-07;2015;1;3;OXBH.2015.90;No;10093;90;V;6 ESE VÄNERSBORGSVRAKET;0;0;9;;25;4060;40G5;5539.85;1516.63;69.8;30;1.52;90.2;4.4;;0.508;15.4;138;250;;14
Plaice;2015-03-07;2015;1;3;OXBH.2015.90;No;10093;90;V;6 ESE VÄNERSBORGSVRAKET;0;0;9;;25;4060;40G5;5539.85;1516.63;69.8;30;1.52;90.2;4.4;;0.508;15.4;138;260;;6
Plaice;2015-03-07;2015;1;3;OXBH.2015.90;No;10093;90;V;6 ESE VÄNERSBORGSVRAKET;0;0;9;;25;4060;40G5;5539.85;1516.63;69.8;30;1.52;90.2;4.4;;0.508;15.4;138;270;;2
Plaice;2015-03-07;2015;1;3;OXBH.2015.90;No;10093;90;V;6 ESE VÄNERSBORGSVRAKET;0;0;9;;25;4060;40G5;5539.85;1516.63;69.8;30;1.52;90.2;4.4;;0.508;15.4;138;280;;2
Plaice;2015-03-07;2015;1;3;OXBH.2015.90;No;10093;90;V;6 ESE VÄNERSBORGSVRAKET;0;0;9;;25;4060;40G5;5539.85;1516.63;69.8;30;1.52;90.2;4.4;;0.508;15.4;138;310;;2
Plaice;2015-03-07;2015;1;3;OXBH.2015.90;No;10093;90;V;6 ESE VÄNERSBORGSVRAKET;0;0;9;;25;4060;40G5;5539.85;1516.63;69.8;30;1.52;90.2;4.4;;0.508;15.4;138;320;;2
Plaice;2015-03-08;2015;1;3;OXBH.2015.93;No;10094;93;V;12,5 ENE SIMRISHAMN;0;0;9;;25;4059;40G4;5537.56;1445.22;67.5;30;1.48;89.4;4.4;;0.49;44.2;338;190;;6
Plaice;2015-03-08;2015;1;3;OXBH.2015.93;No;10094;93;V;12,5 ENE SIMRISHAMN;0;0;9;;25;4059;40G4;5537.56;1445.22;67.5;30;1.48;89.4;4.4;;0.49;44.2;338;200;;26
Plaice;2015-03-08;2015;1;3;OXBH.2015.93;No;10094;93;V;12,5 ENE SIMRISHAMN;0;0;9;;25;4059;40G4;5537.56;1445.22;67.5;30;1.48;89.4;4.4;;0.49;44.2;338;210;;42
Plaice;2015-03-08;2015;1;3;OXBH.2015.93;No;10094;93;V;12,5 ENE SIMRISHAMN;0;0;9;;25;4059;40G4;5537.56;1445.22;67.5;30;1.48;89.4;4.4;;0.49;44.2;338;220;;48
Plaice;2015-03-08;2015;1;3;OXBH.2015.93;No;10094;93;V;12,5 ENE SIMRISHAMN;0;0;9;;25;4059;40G4;5537.56;1445.22;67.5;30;1.48;89.4;4.4;;0.49;44.2;338;230;;58
Plaice;2015-03-08;2015;1;3;OXBH.2015.93;No;10094;93;V;12,5 ENE SIMRISHAMN;0;0;9;;25;4059;40G4;5537.56;1445.22;67.5;30;1.48;89.4;4.4;;0.49;44.2;338;240;;48
Plaice;2015-03-08;2015;1;3;OXBH.2015.93;No;10094;93;V;12,5 ENE SIMRISHAMN;0;0;9;;25;4059;40G4;5537.56;1445.22;67.5;30;1.48;89.4;4.4;;0.49;44.2;338;250;;46
Plaice;2015-03-08;2015;1;3;OXBH.2015.93;No;10094;93;V;12,5 ENE SIMRISHAMN;0;0;9;;25;4059;40G4;5537.56;1445.22;67.5;30;1.48;89.4;4.4;;0.49;44.2;338;260;;24
Plaice;2015-03-08;2015;1;3;OXBH.2015.93;No;10094;93;V;12,5 ENE SIMRISHAMN;0;0;9;;25;4059;40G4;5537.56;1445.22;67.5;30;1.48;89.4;4.4;;0.49;44.2;338;270;;10
Plaice;2015-03-08;2015;1;3;OXBH.2015.93;No;10094;93;V;12,5 ENE SIMRISHAMN;0;0;9;;25;4059;40G4;5537.56;1445.22;67.5;30;1.48;89.4;4.4;;0.49;44.2;338;280;;10
Plaice;2015-03-08;2015;1;3;OXBH.2015.93;No;10094;93;V;12,5 ENE SIMRISHAMN;0;0;9;;25;4059;40G4;5537.56;1445.22;67.5;30;1.48;89.4;4.4;;0.49;44.2;338;290;;6
Plaice;2015-03-08;2015;1;3;OXBH.2015.93;No;10094;93;V;12,5 ENE SIMRISHAMN;0;0;9;;25;4059;40G4;5537.56;1445.22;67.5;30;1.48;89.4;4.4;;0.49;44.2;338;300;;6
Plaice;2015-03-08;2015;1;3;OXBH.2015.93;No;10094;93;V;12,5 ENE SIMRISHAMN;0;0;9;;25;4059;40G4;5537.56;1445.22;67.5;30;1.48;89.4;4.4;;0.49;44.2;338;310;;4
Plaice;2015-03-08;2015;1;3;OXBH.2015.93;No;10094;93;V;12,5 ENE SIMRISHAMN;0;0;9;;25;4059;40G4;5537.56;1445.22;67.5;30;1.48;89.4;4.4;;0.49;44.2;338;320;;2
Plaice;2015-03-08;2015;1;3;OXBH.2015.93;No;10094;93;V;12,5 ENE SIMRISHAMN;0;0;9;;25;4059;40G4;5537.56;1445.22;67.5;30;1.48;89.4;4.4;;0.49;44.2;338;340;;2
Plaice;2015-03-08;2015;1;3;OXBH.2015.94;No;10095;94;V;3,8 NE STENS HUVUD;0;0;9;;25;4059;40G4;5541.97;1422.28;35;30;1.49;81.1;5.3;;0.448;11.32;48;230;;4
Plaice;2015-03-08;2015;1;3;OXBH.2015.94;No;10095;94;V;3,8 NE STENS HUVUD;0;0;9;;25;4059;40G4;5541.97;1422.28;35;30;1.49;81.1;5.3;;0.448;11.32;48;240;;4
Plaice;2015-03-08;2015;1;3;OXBH.2015.94;No;10095;94;V;3,8 NE STENS HUVUD;0;0;9;;25;4059;40G4;5541.97;1422.28;35;30;1.49;81.1;5.3;;0.448;11.32;48;250;;6
Plaice;2015-03-08;2015;1;3;OXBH.2015.94;No;10095;94;V;3,8 NE STENS HUVUD;0;0;9;;25;4059;40G4;5541.97;1422.28;35;30;1.49;81.1;5.3;;0.448;11.32;48;260;;6
Plaice;2015-03-08;2015;1;3;OXBH.2015.94;No;10095;94;V;3,8 NE STENS HUVUD;0;0;9;;25;4059;40G4;5541.97;1422.28;35;30;1.49;81.1;5.3;;0.448;11.32;48;270;;2
Plaice;2015-03-08;2015;1;3;OXBH.2015.94;No;10095;94;V;3,8 NE STENS HUVUD;0;0;9;;25;4059;40G4;5541.97;1422.28;35;30;1.49;81.1;5.3;;0.448;11.32;48;290;;4
Plaice;2015-03-08;2015;1;3;OXBH.2015.94;No;10095;94;V;3,8 NE STENS HUVUD;0;0;9;;25;4059;40G4;5541.97;1422.28;35;30;1.49;81.1;5.3;;0.448;11.32;48;300;;2
Plaice;2015-03-08;2015;1;3;OXBH.2015.94;No;10095;94;V;3,8 NE STENS HUVUD;0;0;9;;25;4059;40G4;5541.97;1422.28;35;30;1.49;81.1;5.3;;0.448;11.32;48;310;;10
Plaice;2015-03-08;2015;1;3;OXBH.2015.94;No;10095;94;V;3,8 NE STENS HUVUD;0;0;9;;25;4059;40G4;5541.97;1422.28;35;30;1.49;81.1;5.3;;0.448;11.32;48;320;;2
Plaice;2015-03-08;2015;1;3;OXBH.2015.94;No;10095;94;V;3,8 NE STENS HUVUD;0;0;9;;25;4059;40G4;5541.97;1422.28;35;30;1.49;81.1;5.3;;0.448;11.32;48;330;;6
Plaice;2015-03-08;2015;1;3;OXBH.2015.94;No;10095;94;V;3,8 NE STENS HUVUD;0;0;9;;25;4059;40G4;5541.97;1422.28;35;30;1.49;81.1;5.3;;0.448;11.32;48;360;;2
Plaice;2015-03-08;2015;1;3;OXBH.2015.96;No;10096;96;V;5 NE STENS HUVUD;0;0;9;;25;4059;40G4;5542.17;1422.38;38.4;30;1.5;78.4;5.4;;0.436;11.462;44;220;;6
Plaice;2015-03-08;2015;1;3;OXBH.2015.96;No;10096;96;V;5 NE STENS HUVUD;0;0;9;;25;4059;40G4;5542.17;1422.38;38.4;30;1.5;78.4;5.4;;0.436;11.462;44;230;;2
Plaice;2015-03-08;2015;1;3;OXBH.2015.96;No;10096;96;V;5 NE STENS HUVUD;0;0;9;;25;4059;40G4;5542.17;1422.38;38.4;30;1.5;78.4;5.4;;0.436;11.462;44;240;;2
Plaice;2015-03-08;2015;1;3;OXBH.2015.96;No;10096;96;V;5 NE STENS HUVUD;0;0;9;;25;4059;40G4;5542.17;1422.38;38.4;30;1.5;78.4;5.4;;0.436;11.462;44;250;;8
Plaice;2015-03-08;2015;1;3;OXBH.2015.96;No;10096;96;V;5 NE STENS HUVUD;0;0;9;;25;4059;40G4;5542.17;1422.38;38.4;30;1.5;78.4;5.4;;0.436;11.462;44;270;;2
Plaice;2015-03-08;2015;1;3;OXBH.2015.96;No;10096;96;V;5 NE STENS HUVUD;0;0;9;;25;4059;40G4;5542.17;1422.38;38.4;30;1.5;78.4;5.4;;0.436;11.462;44;280;;2
Plaice;2015-03-08;2015;1;3;OXBH.2015.96;No;10096;96;V;5 NE STENS HUVUD;0;0;9;;25;4059;40G4;5542.17;1422.38;38.4;30;1.5;78.4;5.4;;0.436;11.462;44;300;;8
Plaice;2015-03-08;2015;1;3;OXBH.2015.96;No;10096;96;V;5 NE STENS HUVUD;0;0;9;;25;4059;40G4;5542.17;1422.38;38.4;30;1.5;78.4;5.4;;0.436;11.462;44;310;;2
Plaice;2015-03-08;2015;1;3;OXBH.2015.96;No;10096;96;V;5 NE STENS HUVUD;0;0;9;;25;4059;40G4;5542.17;1422.38;38.4;30;1.5;78.4;5.4;;0.436;11.462;44;320;;6
Plaice;2015-03-08;2015;1;3;OXBH.2015.96;No;10096;96;V;5 NE STENS HUVUD;0;0;9;;25;4059;40G4;5542.17;1422.38;38.4;30;1.5;78.4;5.4;;0.436;11.462;44;370;;2
Plaice;2015-03-08;2015;1;3;OXBH.2015.96;No;10096;96;V;5 NE STENS HUVUD;0;0;9;;25;4059;40G4;5542.17;1422.38;38.4;30;1.5;78.4;5.4;;0.436;11.462;44;400;;4
Plaice;2015-11-20;2015;4;11;OXBH.2015.2;No;10193;2;V;11 E STENS HUVUD;0;0;9;;25;4059;40G4;5538.14;1436.86;60.2;30;1.49;86.9;4.9;;0.48;59.8;310.6;190;;3.3
Plaice;2015-11-20;2015;4;11;OXBH.2015.2;No;10193;2;V;11 E STENS HUVUD;0;0;9;;25;4059;40G4;5538.14;1436.86;60.2;30;1.49;86.9;4.9;;0.48;59.8;310.6;200;;6.6
Plaice;2015-11-20;2015;4;11;OXBH.2015.2;No;10193;2;V;11 E STENS HUVUD;0;0;9;;25;4059;40G4;5538.14;1436.86;60.2;30;1.49;86.9;4.9;;0.48;59.8;310.6;210;;26.4
Plaice;2015-11-20;2015;4;11;OXBH.2015.2;No;10193;2;V;11 E STENS HUVUD;0;0;9;;25;4059;40G4;5538.14;1436.86;60.2;30;1.49;86.9;4.9;;0.48;59.8;310.6;220;;16.5
Plaice;2015-11-20;2015;4;11;OXBH.2015.2;No;10193;2;V;11 E STENS HUVUD;0;0;9;;25;4059;40G4;5538.14;1436.86;60.2;30;1.49;86.9;4.9;;0.48;59.8;310.6;230;;29.7
Plaice;2015-11-20;2015;4;11;OXBH.2015.2;No;10193;2;V;11 E STENS HUVUD;0;0;9;;25;4059;40G4;5538.14;1436.86;60.2;30;1.49;86.9;4.9;;0.48;59.8;310.6;240;;49.6
Plaice;2015-11-20;2015;4;11;OXBH.2015.2;No;10193;2;V;11 E STENS HUVUD;0;0;9;;25;4059;40G4;5538.14;1436.86;60.2;30;1.49;86.9;4.9;;0.48;59.8;310.6;250;;33
Plaice;2015-11-20;2015;4;11;OXBH.2015.2;No;10193;2;V;11 E STENS HUVUD;0;0;9;;25;4059;40G4;5538.14;1436.86;60.2;30;1.49;86.9;4.9;;0.48;59.8;310.6;260;;33
Plaice;2015-11-20;2015;4;11;OXBH.2015.2;No;10193;2;V;11 E STENS HUVUD;0;0;9;;25;4059;40G4;5538.14;1436.86;60.2;30;1.49;86.9;4.9;;0.48;59.8;310.6;270;;26.4
Plaice;2015-11-20;2015;4;11;OXBH.2015.2;No;10193;2;V;11 E STENS HUVUD;0;0;9;;25;4059;40G4;5538.14;1436.86;60.2;30;1.49;86.9;4.9;;0.48;59.8;310.6;280;;33
Plaice;2015-11-20;2015;4;11;OXBH.2015.2;No;10193;2;V;11 E STENS HUVUD;0;0;9;;25;4059;40G4;5538.14;1436.86;60.2;30;1.49;86.9;4.9;;0.48;59.8;310.6;290;;16.5
Plaice;2015-11-20;2015;4;11;OXBH.2015.2;No;10193;2;V;11 E STENS HUVUD;0;0;9;;25;4059;40G4;5538.14;1436.86;60.2;30;1.49;86.9;4.9;;0.48;59.8;310.6;300;;9.9
Plaice;2015-11-20;2015;4;11;OXBH.2015.2;No;10193;2;V;11 E STENS HUVUD;0;0;9;;25;4059;40G4;5538.14;1436.86;60.2;30;1.49;86.9;4.9;;0.48;59.8;310.6;310;;16.5
Plaice;2015-11-20;2015;4;11;OXBH.2015.2;No;10193;2;V;11 E STENS HUVUD;0;0;9;;25;4059;40G4;5538.14;1436.86;60.2;30;1.49;86.9;4.9;;0.48;59.8;310.6;320;;3.3
Plaice;2015-11-20;2015;4;11;OXBH.2015.2;No;10193;2;V;11 E STENS HUVUD;0;0;9;;25;4059;40G4;5538.14;1436.86;60.2;30;1.49;86.9;4.9;;0.48;59.8;310.6;330;;3.3
Plaice;2015-11-20;2015;4;11;OXBH.2015.2;No;10193;2;V;11 E STENS HUVUD;0;0;9;;25;4059;40G4;5538.14;1436.86;60.2;30;1.49;86.9;4.9;;0.48;59.8;310.6;360;;3.3
Plaice;2015-11-20;2015;4;11;OXBH.2015.4;No;10194;4;V;RACKAPUTT NORD;0;0;9;;25;4059;40G4;5541.05;1430.15;47.8;30;1.49;82.5;5.2;;0.455;54.4;249.6;170;;2.8
Plaice;2015-11-20;2015;4;11;OXBH.2015.4;No;10194;4;V;RACKAPUTT NORD;0;0;9;;25;4059;40G4;5541.05;1430.15;47.8;30;1.49;82.5;5.2;;0.455;54.4;249.6;180;;2.8
Plaice;2015-11-20;2015;4;11;OXBH.2015.4;No;10194;4;V;RACKAPUTT NORD;0;0;9;;25;4059;40G4;5541.05;1430.15;47.8;30;1.49;82.5;5.2;;0.455;54.4;249.6;200;;2.8
Plaice;2015-11-20;2015;4;11;OXBH.2015.4;No;10194;4;V;RACKAPUTT NORD;0;0;9;;25;4059;40G4;5541.05;1430.15;47.8;30;1.49;82.5;5.2;;0.455;54.4;249.6;210;;5.6
Plaice;2015-11-20;2015;4;11;OXBH.2015.4;No;10194;4;V;RACKAPUTT NORD;0;0;9;;25;4059;40G4;5541.05;1430.15;47.8;30;1.49;82.5;5.2;;0.455;54.4;249.6;220;;25.2
Plaice;2015-11-20;2015;4;11;OXBH.2015.4;No;10194;4;V;RACKAPUTT NORD;0;0;9;;25;4059;40G4;5541.05;1430.15;47.8;30;1.49;82.5;5.2;;0.455;54.4;249.6;230;;14
Plaice;2015-11-20;2015;4;11;OXBH.2015.4;No;10194;4;V;RACKAPUTT NORD;0;0;9;;25;4059;40G4;5541.05;1430.15;47.8;30;1.49;82.5;5.2;;0.455;54.4;249.6;240;;39.3
Plaice;2015-11-20;2015;4;11;OXBH.2015.4;No;10194;4;V;RACKAPUTT NORD;0;0;9;;25;4059;40G4;5541.05;1430.15;47.8;30;1.49;82.5;5.2;;0.455;54.4;249.6;250;;25.2
Plaice;2015-11-20;2015;4;11;OXBH.2015.4;No;10194;4;V;RACKAPUTT NORD;0;0;9;;25;4059;40G4;5541.05;1430.15;47.8;30;1.49;82.5;5.2;;0.455;54.4;249.6;260;;16.8
Plaice;2015-11-20;2015;4;11;OXBH.2015.4;No;10194;4;V;RACKAPUTT NORD;0;0;9;;25;4059;40G4;5541.05;1430.15;47.8;30;1.49;82.5;5.2;;0.455;54.4;249.6;270;;25.2
Plaice;2015-11-20;2015;4;11;OXBH.2015.4;No;10194;4;V;RACKAPUTT NORD;0;0;9;;25;4059;40G4;5541.05;1430.15;47.8;30;1.49;82.5;5.2;;0.455;54.4;249.6;280;;33.6
Plaice;2015-11-20;2015;4;11;OXBH.2015.4;No;10194;4;V;RACKAPUTT NORD;0;0;9;;25;4059;40G4;5541.05;1430.15;47.8;30;1.49;82.5;5.2;;0.455;54.4;249.6;290;;16.8
Plaice;2015-11-20;2015;4;11;OXBH.2015.4;No;10194;4;V;RACKAPUTT NORD;0;0;9;;25;4059;40G4;5541.05;1430.15;47.8;30;1.49;82.5;5.2;;0.455;54.4;249.6;300;;14
Plaice;2015-11-20;2015;4;11;OXBH.2015.4;No;10194;4;V;RACKAPUTT NORD;0;0;9;;25;4059;40G4;5541.05;1430.15;47.8;30;1.49;82.5;5.2;;0.455;54.4;249.6;310;;5.6
Plaice;2015-11-20;2015;4;11;OXBH.2015.4;No;10194;4;V;RACKAPUTT NORD;0;0;9;;25;4059;40G4;5541.05;1430.15;47.8;30;1.49;82.5;5.2;;0.455;54.4;249.6;320;;2.8
Plaice;2015-11-20;2015;4;11;OXBH.2015.4;No;10194;4;V;RACKAPUTT NORD;0;0;9;;25;4059;40G4;5541.05;1430.15;47.8;30;1.49;82.5;5.2;;0.455;54.4;249.6;330;;2.8
Plaice;2015-11-20;2015;4;11;OXBH.2015.4;No;10194;4;V;RACKAPUTT NORD;0;0;9;;25;4059;40G4;5541.05;1430.15;47.8;30;1.49;82.5;5.2;;0.455;54.4;249.6;340;;2.8
Plaice;2015-11-20;2015;4;11;OXBH.2015.4;No;10194;4;V;RACKAPUTT NORD;0;0;9;;25;4059;40G4;5541.05;1430.15;47.8;30;1.49;82.5;5.2;;0.455;54.4;249.6;350;;11.2
Plaice;2015-11-20;2015;4;11;OXBH.2015.6;No;10195;6;V;5 NE STENS HUVUD;0;0;9;;25;4059;40G4;5542.13;1422.1;37.9;30;1.5;79;5.5;;0.439;9.352;44;210;;2
Plaice;2015-11-20;2015;4;11;OXBH.2015.6;No;10195;6;V;5 NE STENS HUVUD;0;0;9;;25;4059;40G4;5542.13;1422.1;37.9;30;1.5;79;5.5;;0.439;9.352;44;220;;4
Plaice;2015-11-20;2015;4;11;OXBH.2015.6;No;10195;6;V;5 NE STENS HUVUD;0;0;9;;25;4059;40G4;5542.13;1422.1;37.9;30;1.5;79;5.5;;0.439;9.352;44;230;;2
Plaice;2015-11-20;2015;4;11;OXBH.2015.6;No;10195;6;V;5 NE STENS HUVUD;0;0;9;;25;4059;40G4;5542.13;1422.1;37.9;30;1.5;79;5.5;;0.439;9.352;44;240;;4
Plaice;2015-11-20;2015;4;11;OXBH.2015.6;No;10195;6;V;5 NE STENS HUVUD;0;0;9;;25;4059;40G4;5542.13;1422.1;37.9;30;1.5;79;5.5;;0.439;9.352;44;250;;4
Plaice;2015-11-20;2015;4;11;OXBH.2015.6;No;10195;6;V;5 NE STENS HUVUD;0;0;9;;25;4059;40G4;5542.13;1422.1;37.9;30;1.5;79;5.5;;0.439;9.352;44;260;;4
Plaice;2015-11-20;2015;4;11;OXBH.2015.6;No;10195;6;V;5 NE STENS HUVUD;0;0;9;;25;4059;40G4;5542.13;1422.1;37.9;30;1.5;79;5.5;;0.439;9.352;44;270;;8
Plaice;2015-11-20;2015;4;11;OXBH.2015.6;No;10195;6;V;5 NE STENS HUVUD;0;0;9;;25;4059;40G4;5542.13;1422.1;37.9;30;1.5;79;5.5;;0.439;9.352;44;280;;4
Plaice;2015-11-20;2015;4;11;OXBH.2015.6;No;10195;6;V;5 NE STENS HUVUD;0;0;9;;25;4059;40G4;5542.13;1422.1;37.9;30;1.5;79;5.5;;0.439;9.352;44;290;;4
Plaice;2015-11-20;2015;4;11;OXBH.2015.6;No;10195;6;V;5 NE STENS HUVUD;0;0;9;;25;4059;40G4;5542.13;1422.1;37.9;30;1.5;79;5.5;;0.439;9.352;44;300;;6
Plaice;2015-11-20;2015;4;11;OXBH.2015.6;No;10195;6;V;5 NE STENS HUVUD;0;0;9;;25;4059;40G4;5542.13;1422.1;37.9;30;1.5;79;5.5;;0.439;9.352;44;310;;2
Plaice;2015-11-21;2015;4;11;OXBH.2015.8;No;10196;8;V;4 SE NORRA MIDSJÖBANKEN;;;;;25;4162;41G7;5604.18;1722.17;41.6;30;1.5;;;;;;;;;
Plaice;2015-11-21;2015;4;11;OXBH.2015.9;No;10197;9;V;16 SSW HOBURG BANK;0;0;9;;26;4163;41G8;5619.9;1824.99;42.5;30;1.51;72;5.7;;0.403;0.68;4;220;;2
Plaice;2015-11-21;2015;4;11;OXBH.2015.9;No;10197;9;V;16 SSW HOBURG BANK;0;0;9;;26;4163;41G8;5619.9;1824.99;42.5;30;1.51;72;5.7;;0.403;0.68;4;270;;2
Plaice;2015-11-21;2015;4;11;OXBH.2015.12;No;10198;12;V;10,5 S HOBURG BANK;;;;;26;4163;41G8;5623.29;1836.22;77.5;30;1.51;;;;;;;;;
Plaice;2015-11-22;2015;4;11;OXBH.2015.15;No;10199;15;V;15 W BANANBANKEN;;;;;26;4163;41G8;5609.68;1820.09;76.6;30;1.52;;;;;;;;;
Plaice;2015-11-22;2015;4;11;OXBH.2015.16;No;10200;16;V;16 S HOBURG BANK;;;;;26;4163;41G8;5616.78;1831.58;82;30;1.49;;;;;;;;;
Plaice;2015-11-23;2015;4;11;OXBH.2015.19;No;10201;19;V;13 E FALUDDEN;;;;;28;4363;43G8;5700.27;1848.37;72;30;1.53;;;;;;;;;
Plaice;2015-11-23;2015;4;11;OXBH.2015.21;No;10202;21;V;4,5 SE NÄR;;;;;28;4363;43G8;5708.16;1847.52;40.8;30;1.55;;;;;;;;;
Plaice;2015-11-23;2015;4;11;OXBH.2015.23;No;10203;23;N;11 ESE NÄR;;;;;28;4363;43G8;5706.5;1857.3;85;30;1.5;;;;;;;;;
Plaice;2015-11-23;2015;4;11;OXBH.2015.25;No;10204;25;V;12 E NÄR;;;;;28;4364;43G9;5712.03;1903.02;84.3;30;1.52;;;;;;;;;
Plaice;2015-11-24;2015;4;11;OXBH.2015.28;No;10205;28;V;8 SE ÖSTERGARN SYD;;;;;28;4364;43G9;5719.41;1906.86;77.6;30;1.5;;;;;;;;;
Plaice;2015-11-24;2015;4;11;OXBH.2015.29;No;10206;29;N;8 SE ÖSTERGARN NORD;;;;;28;4364;43G9;5722;1908.9;85;30;1.4;;;;;;;;;
Plaice;2015-11-24;2015;4;11;OXBH.2015.31;No;10207;31;V;3,8 SE GRAUTEN NORD;;;;;28;4464;44G9;5743.2;1910.64;42.4;30;1.49;;;;;;;;;
Plaice;2015-11-24;2015;4;11;OXBH.2015.32;No;10208;32;V;3 SE GRAUTEN;;;;;28;4464;44G9;5741.44;1905.29;36.1;30;1.51;;;;;;;;;
Plaice;2015-11-24;2015;4;11;OXBH.2015.35;No;10209;35;N;13 SSE FÅRÖ;;;;;28;4464;44G9;5744.3;1928.2;83;30;1.5;;;;;;;;;
Plaice;2015-11-25;2015;4;11;OXBH.2015.37;No;10210;37;V;4 NW BYXELKROK;;;;;27;4361;43G6;5722.31;1654.21;44;30;1.54;;;;;;;;;
Plaice;2015-11-25;2015;4;11;OXBH.2015.39;No;10211;39;V;5 SSE KNOLLS GRUND;;;;;27;4362;43G7;5728.38;1733.31;73;30;1.48;;;;;;;;;
Plaice;2015-11-25;2015;4;11;OXBH.2015.41;No;10212;41;N;10 SE KNOLLS GRUND;;;;;27;4362;43G7;5727.6;1744.25;107;30;1.5;;;;;;;;;
Plaice;2015-11-25;2015;4;11;OXBH.2015.43;No;10213;43;N;10 NW VISBY;;;;;27;4463;44G8;5746;1807;103.5;30;1.5;;;;;;;;;
Plaice;2015-11-25;2015;4;11;OXBH.2015.45;No;10214;45;N;6 N VISBY;;;;;27;4463;44G8;5743;1816.45;103.5;30;1.5;;;;;;;;;
Plaice;2015-11-25;2015;4;11;OXBH.2015.47;No;10215;47;N;11,5 NW HOBURG;;;;;27;4362;43G7;5702.5;1752.45;84;30;1.5;;;;;;;;;
Plaice;2015-11-26;2015;4;11;OXBH.2015.49;No;10216;49;V;ARGOS TRACK;0;0;9;;25;4061;40G6;5552.17;1601.26;54.4;30;1.5;88;4.8;;0.489;9.452;52;160;;2
Plaice;2015-11-26;2015;4;11;OXBH.2015.49;No;10216;49;V;ARGOS TRACK;0;0;9;;25;4061;40G6;5552.17;1601.26;54.4;30;1.5;88;4.8;;0.489;9.452;52;210;;4
Plaice;2015-11-26;2015;4;11;OXBH.2015.49;No;10216;49;V;ARGOS TRACK;0;0;9;;25;4061;40G6;5552.17;1601.26;54.4;30;1.5;88;4.8;;0.489;9.452;52;220;;4
Plaice;2015-11-26;2015;4;11;OXBH.2015.49;No;10216;49;V;ARGOS TRACK;0;0;9;;25;4061;40G6;5552.17;1601.26;54.4;30;1.5;88;4.8;;0.489;9.452;52;230;;8
Plaice;2015-11-26;2015;4;11;OXBH.2015.49;No;10216;49;V;ARGOS TRACK;0;0;9;;25;4061;40G6;5552.17;1601.26;54.4;30;1.5;88;4.8;;0.489;9.452;52;240;;4
Plaice;2015-11-26;2015;4;11;OXBH.2015.49;No;10216;49;V;ARGOS TRACK;0;0;9;;25;4061;40G6;5552.17;1601.26;54.4;30;1.5;88;4.8;;0.489;9.452;52;250;;4
Plaice;2015-11-26;2015;4;11;OXBH.2015.49;No;10216;49;V;ARGOS TRACK;0;0;9;;25;4061;40G6;5552.17;1601.26;54.4;30;1.5;88;4.8;;0.489;9.452;52;260;;8
Plaice;2015-11-26;2015;4;11;OXBH.2015.49;No;10216;49;V;ARGOS TRACK;0;0;9;;25;4061;40G6;5552.17;1601.26;54.4;30;1.5;88;4.8;;0.489;9.452;52;270;;6
Plaice;2015-11-26;2015;4;11;OXBH.2015.49;No;10216;49;V;ARGOS TRACK;0;0;9;;25;4061;40G6;5552.17;1601.26;54.4;30;1.5;88;4.8;;0.489;9.452;52;280;;6
Plaice;2015-11-26;2015;4;11;OXBH.2015.49;No;10216;49;V;ARGOS TRACK;0;0;9;;25;4061;40G6;5552.17;1601.26;54.4;30;1.5;88;4.8;;0.489;9.452;52;290;;2
Plaice;2015-11-26;2015;4;11;OXBH.2015.49;No;10216;49;V;ARGOS TRACK;0;0;9;;25;4061;40G6;5552.17;1601.26;54.4;30;1.5;88;4.8;;0.489;9.452;52;300;;2
Plaice;2015-11-26;2015;4;11;OXBH.2015.49;No;10216;49;V;ARGOS TRACK;0;0;9;;25;4061;40G6;5552.17;1601.26;54.4;30;1.5;88;4.8;;0.489;9.452;52;340;;2
Plaice;2015-11-26;2015;4;11;OXBH.2015.51;No;10217;51;V;5 N TÅNGEN;0;0;9;;25;4060;40G5;5548.5;1550.73;56;30;1.48;88;5.4;;0.482;9.656;46;180;;2
Plaice;2015-11-26;2015;4;11;OXBH.2015.51;No;10217;51;V;5 N TÅNGEN;0;0;9;;25;4060;40G5;5548.5;1550.73;56;30;1.48;88;5.4;;0.482;9.656;46;210;;8
Plaice;2015-11-26;2015;4;11;OXBH.2015.51;No;10217;51;V;5 N TÅNGEN;0;0;9;;25;4060;40G5;5548.5;1550.73;56;30;1.48;88;5.4;;0.482;9.656;46;220;;4
Plaice;2015-11-26;2015;4;11;OXBH.2015.51;No;10217;51;V;5 N TÅNGEN;0;0;9;;25;4060;40G5;5548.5;1550.73;56;30;1.48;88;5.4;;0.482;9.656;46;230;;6
Plaice;2015-11-26;2015;4;11;OXBH.2015.51;No;10217;51;V;5 N TÅNGEN;0;0;9;;25;4060;40G5;5548.5;1550.73;56;30;1.48;88;5.4;;0.482;9.656;46;240;;4
Plaice;2015-11-26;2015;4;11;OXBH.2015.51;No;10217;51;V;5 N TÅNGEN;0;0;9;;25;4060;40G5;5548.5;1550.73;56;30;1.48;88;5.4;;0.482;9.656;46;250;;4
Plaice;2015-11-26;2015;4;11;OXBH.2015.51;No;10217;51;V;5 N TÅNGEN;0;0;9;;25;4060;40G5;5548.5;1550.73;56;30;1.48;88;5.4;;0.482;9.656;46;260;;2
Plaice;2015-11-26;2015;4;11;OXBH.2015.51;No;10217;51;V;5 N TÅNGEN;0;0;9;;25;4060;40G5;5548.5;1550.73;56;30;1.48;88;5.4;;0.482;9.656;46;270;;4
Plaice;2015-11-26;2015;4;11;OXBH.2015.51;No;10217;51;V;5 N TÅNGEN;0;0;9;;25;4060;40G5;5548.5;1550.73;56;30;1.48;88;5.4;;0.482;9.656;46;280;;2
Plaice;2015-11-26;2015;4;11;OXBH.2015.51;No;10217;51;V;5 N TÅNGEN;0;0;9;;25;4060;40G5;5548.5;1550.73;56;30;1.48;88;5.4;;0.482;9.656;46;300;;2
Plaice;2015-11-26;2015;4;11;OXBH.2015.51;No;10217;51;V;5 N TÅNGEN;0;0;9;;25;4060;40G5;5548.5;1550.73;56;30;1.48;88;5.4;;0.482;9.656;46;320;;2
Plaice;2015-11-26;2015;4;11;OXBH.2015.51;No;10217;51;V;5 N TÅNGEN;0;0;9;;25;4060;40G5;5548.5;1550.73;56;30;1.48;88;5.4;;0.482;9.656;46;330;;4
Plaice;2015-11-26;2015;4;11;OXBH.2015.51;No;10217;51;V;5 N TÅNGEN;0;0;9;;25;4060;40G5;5548.5;1550.73;56;30;1.48;88;5.4;;0.482;9.656;46;400;;2
Plaice;2015-11-26;2015;4;11;OXBH.2015.53;No;10218;53;V;INNERTORPET SYD;0;0;9;;25;4060;40G5;5556.77;1517.47;46.5;30;1.5;82;4.9;;0.456;1.908;8;240;;2
Plaice;2015-11-26;2015;4;11;OXBH.2015.53;No;10218;53;V;INNERTORPET SYD;0;0;9;;25;4060;40G5;5556.77;1517.47;46.5;30;1.5;82;4.9;;0.456;1.908;8;270;;2
Plaice;2015-11-26;2015;4;11;OXBH.2015.53;No;10218;53;V;INNERTORPET SYD;0;0;9;;25;4060;40G5;5556.77;1517.47;46.5;30;1.5;82;4.9;;0.456;1.908;8;280;;2
Plaice;2015-11-26;2015;4;11;OXBH.2015.53;No;10218;53;V;INNERTORPET SYD;0;0;9;;25;4060;40G5;5556.77;1517.47;46.5;30;1.5;82;4.9;;0.456;1.908;8;290;;2
Plaice;2015-11-27;2015;4;11;OXBH.2015.55;No;10219;55;N;7 ESE HÖGBY FYR;;;;;27;4362;43G7;5706;1717.1;72.5;30;1.5;;;;;;;;;
Plaice;2015-11-27;2015;4;11;OXBH.2015.57;No;10220;57;N;10 E KÅREHAMN;;;;;27;4262;42G7;5656.5;1710.5;72;30;1.5;;;;;;;;;
Plaice;2015-11-27;2015;4;11;OXBH.2015.59;No;10221;59;N;6 SE BLÄSINGE;;;;;27;4261;42G6;5634;1651;63.5;30;1.5;;;;;;;;;
Plaice;2016-02-21;2016;1;2;OXBH.2016.2;No;10047;2;V;8 E SKILLINGE;0;0;9;;25;3959;39G4;5527.64;1431.66;57.9;30;1.51;85.8;5;;0.48;148.8;747;200;;6
Plaice;2016-02-21;2016;1;2;OXBH.2016.2;No;10047;2;V;8 E SKILLINGE;0;0;9;;25;3959;39G4;5527.64;1431.66;57.9;30;1.51;85.8;5;;0.48;148.8;747;210;;29.9
Plaice;2016-02-21;2016;1;2;OXBH.2016.2;No;10047;2;V;8 E SKILLINGE;0;0;9;;25;3959;39G4;5527.64;1431.66;57.9;30;1.51;85.8;5;;0.48;148.8;747;220;;23.9
Plaice;2016-02-21;2016;1;2;OXBH.2016.2;No;10047;2;V;8 E SKILLINGE;0;0;9;;25;3959;39G4;5527.64;1431.66;57.9;30;1.51;85.8;5;;0.48;148.8;747;230;;35.9
Plaice;2016-02-21;2016;1;2;OXBH.2016.2;No;10047;2;V;8 E SKILLINGE;0;0;9;;25;3959;39G4;5527.64;1431.66;57.9;30;1.51;85.8;5;;0.48;148.8;747;240;;47.8
Plaice;2016-02-21;2016;1;2;OXBH.2016.2;No;10047;2;V;8 E SKILLINGE;0;0;9;;25;3959;39G4;5527.64;1431.66;57.9;30;1.51;85.8;5;;0.48;148.8;747;250;;65.7
Plaice;2016-02-21;2016;1;2;OXBH.2016.2;No;10047;2;V;8 E SKILLINGE;0;0;9;;25;3959;39G4;5527.64;1431.66;57.9;30;1.51;85.8;5;;0.48;148.8;747;260;;113.5
Plaice;2016-02-21;2016;1;2;OXBH.2016.2;No;10047;2;V;8 E SKILLINGE;0;0;9;;25;3959;39G4;5527.64;1431.66;57.9;30;1.51;85.8;5;;0.48;148.8;747;270;;131.5
Plaice;2016-02-21;2016;1;2;OXBH.2016.2;No;10047;2;V;8 E SKILLINGE;0;0;9;;25;3959;39G4;5527.64;1431.66;57.9;30;1.51;85.8;5;;0.48;148.8;747;280;;83.7
Plaice;2016-02-21;2016;1;2;OXBH.2016.2;No;10047;2;V;8 E SKILLINGE;0;0;9;;25;3959;39G4;5527.64;1431.66;57.9;30;1.51;85.8;5;;0.48;148.8;747;290;;47.8
Plaice;2016-02-21;2016;1;2;OXBH.2016.2;No;10047;2;V;8 E SKILLINGE;0;0;9;;25;3959;39G4;5527.64;1431.66;57.9;30;1.51;85.8;5;;0.48;148.8;747;300;;41.8
Plaice;2016-02-21;2016;1;2;OXBH.2016.2;No;10047;2;V;8 E SKILLINGE;0;0;9;;25;3959;39G4;5527.64;1431.66;57.9;30;1.51;85.8;5;;0.48;148.8;747;310;;35.9
Plaice;2016-02-21;2016;1;2;OXBH.2016.2;No;10047;2;V;8 E SKILLINGE;0;0;9;;25;3959;39G4;5527.64;1431.66;57.9;30;1.51;85.8;5;;0.48;148.8;747;320;;29.9
Plaice;2016-02-21;2016;1;2;OXBH.2016.2;No;10047;2;V;8 E SKILLINGE;0;0;9;;25;3959;39G4;5527.64;1431.66;57.9;30;1.51;85.8;5;;0.48;148.8;747;330;;12
Plaice;2016-02-21;2016;1;2;OXBH.2016.2;No;10047;2;V;8 E SKILLINGE;0;0;9;;25;3959;39G4;5527.64;1431.66;57.9;30;1.51;85.8;5;;0.48;148.8;747;340;;12
Plaice;2016-02-21;2016;1;2;OXBH.2016.2;No;10047;2;V;8 E SKILLINGE;0;0;9;;25;3959;39G4;5527.64;1431.66;57.9;30;1.51;85.8;5;;0.48;148.8;747;350;;23.9
Plaice;2016-02-21;2016;1;2;OXBH.2016.2;No;10047;2;V;8 E SKILLINGE;0;0;9;;25;3959;39G4;5527.64;1431.66;57.9;30;1.51;85.8;5;;0.48;148.8;747;370;;6
Plaice;2016-02-21;2016;1;2;OXBH.2016.4;No;10048;4;V;8 ENE SIMRISHAMN;0;0;9;;25;4059;40G4;5536.77;1436.3;65.6;30;1.53;85.4;4.3;;0.484;9.428;74;210;;8
Plaice;2016-02-21;2016;1;2;OXBH.2016.4;No;10048;4;V;8 ENE SIMRISHAMN;0;0;9;;25;4059;40G4;5536.77;1436.3;65.6;30;1.53;85.4;4.3;;0.484;9.428;74;220;;18
Plaice;2016-02-21;2016;1;2;OXBH.2016.4;No;10048;4;V;8 ENE SIMRISHAMN;0;0;9;;25;4059;40G4;5536.77;1436.3;65.6;30;1.53;85.4;4.3;;0.484;9.428;74;230;;10
Plaice;2016-02-21;2016;1;2;OXBH.2016.4;No;10048;4;V;8 ENE SIMRISHAMN;0;0;9;;25;4059;40G4;5536.77;1436.3;65.6;30;1.53;85.4;4.3;;0.484;9.428;74;240;;12
Plaice;2016-02-21;2016;1;2;OXBH.2016.4;No;10048;4;V;8 ENE SIMRISHAMN;0;0;9;;25;4059;40G4;5536.77;1436.3;65.6;30;1.53;85.4;4.3;;0.484;9.428;74;250;;12
Plaice;2016-02-21;2016;1;2;OXBH.2016.4;No;10048;4;V;8 ENE SIMRISHAMN;0;0;9;;25;4059;40G4;5536.77;1436.3;65.6;30;1.53;85.4;4.3;;0.484;9.428;74;260;;4
Plaice;2016-02-21;2016;1;2;OXBH.2016.4;No;10048;4;V;8 ENE SIMRISHAMN;0;0;9;;25;4059;40G4;5536.77;1436.3;65.6;30;1.53;85.4;4.3;;0.484;9.428;74;270;;4
Plaice;2016-02-21;2016;1;2;OXBH.2016.4;No;10048;4;V;8 ENE SIMRISHAMN;0;0;9;;25;4059;40G4;5536.77;1436.3;65.6;30;1.53;85.4;4.3;;0.484;9.428;74;280;;2
Plaice;2016-02-21;2016;1;2;OXBH.2016.4;No;10048;4;V;8 ENE SIMRISHAMN;0;0;9;;25;4059;40G4;5536.77;1436.3;65.6;30;1.53;85.4;4.3;;0.484;9.428;74;290;;2
Plaice;2016-02-21;2016;1;2;OXBH.2016.4;No;10048;4;V;8 ENE SIMRISHAMN;0;0;9;;25;4059;40G4;5536.77;1436.3;65.6;30;1.53;85.4;4.3;;0.484;9.428;74;310;;2
Plaice;2016-02-21;2016;1;2;OXBH.2016.6;No;10049;6;V;RACKAPUTT NORD;0;0;9;;25;4059;40G4;5540.99;1429.88;48;30;1.51;78;5.1;;0.436;41.2;198;190;;4
Plaice;2016-02-21;2016;1;2;OXBH.2016.6;No;10049;6;V;RACKAPUTT NORD;0;0;9;;25;4059;40G4;5540.99;1429.88;48;30;1.51;78;5.1;;0.436;41.2;198;210;;6
Plaice;2016-02-21;2016;1;2;OXBH.2016.6;No;10049;6;V;RACKAPUTT NORD;0;0;9;;25;4059;40G4;5540.99;1429.88;48;30;1.51;78;5.1;;0.436;41.2;198;230;;6
Plaice;2016-02-21;2016;1;2;OXBH.2016.6;No;10049;6;V;RACKAPUTT NORD;0;0;9;;25;4059;40G4;5540.99;1429.88;48;30;1.51;78;5.1;;0.436;41.2;198;240;;12
Plaice;2016-02-21;2016;1;2;OXBH.2016.6;No;10049;6;V;RACKAPUTT NORD;0;0;9;;25;4059;40G4;5540.99;1429.88;48;30;1.51;78;5.1;;0.436;41.2;198;250;;18
Plaice;2016-02-21;2016;1;2;OXBH.2016.6;No;10049;6;V;RACKAPUTT NORD;0;0;9;;25;4059;40G4;5540.99;1429.88;48;30;1.51;78;5.1;;0.436;41.2;198;260;;20
Plaice;2016-02-21;2016;1;2;OXBH.2016.6;No;10049;6;V;RACKAPUTT NORD;0;0;9;;25;4059;40G4;5540.99;1429.88;48;30;1.51;78;5.1;;0.436;41.2;198;270;;14
Plaice;2016-02-21;2016;1;2;OXBH.2016.6;No;10049;6;V;RACKAPUTT NORD;0;0;9;;25;4059;40G4;5540.99;1429.88;48;30;1.51;78;5.1;;0.436;41.2;198;280;;44
Plaice;2016-02-21;2016;1;2;OXBH.2016.6;No;10049;6;V;RACKAPUTT NORD;0;0;9;;25;4059;40G4;5540.99;1429.88;48;30;1.51;78;5.1;;0.436;41.2;198;290;;26
Plaice;2016-02-21;2016;1;2;OXBH.2016.6;No;10049;6;V;RACKAPUTT NORD;0;0;9;;25;4059;40G4;5540.99;1429.88;48;30;1.51;78;5.1;;0.436;41.2;198;300;;14
Plaice;2016-02-21;2016;1;2;OXBH.2016.6;No;10049;6;V;RACKAPUTT NORD;0;0;9;;25;4059;40G4;5540.99;1429.88;48;30;1.51;78;5.1;;0.436;41.2;198;310;;12
Plaice;2016-02-21;2016;1;2;OXBH.2016.6;No;10049;6;V;RACKAPUTT NORD;0;0;9;;25;4059;40G4;5540.99;1429.88;48;30;1.51;78;5.1;;0.436;41.2;198;320;;4
Plaice;2016-02-21;2016;1;2;OXBH.2016.6;No;10049;6;V;RACKAPUTT NORD;0;0;9;;25;4059;40G4;5540.99;1429.88;48;30;1.51;78;5.1;;0.436;41.2;198;330;;6
Plaice;2016-02-21;2016;1;2;OXBH.2016.6;No;10049;6;V;RACKAPUTT NORD;0;0;9;;25;4059;40G4;5540.99;1429.88;48;30;1.51;78;5.1;;0.436;41.2;198;340;;4
Plaice;2016-02-21;2016;1;2;OXBH.2016.6;No;10049;6;V;RACKAPUTT NORD;0;0;9;;25;4059;40G4;5540.99;1429.88;48;30;1.51;78;5.1;;0.436;41.2;198;350;;4
Plaice;2016-02-21;2016;1;2;OXBH.2016.6;No;10049;6;V;RACKAPUTT NORD;0;0;9;;25;4059;40G4;5540.99;1429.88;48;30;1.51;78;5.1;;0.436;41.2;198;360;;2
Plaice;2016-02-21;2016;1;2;OXBH.2016.6;No;10049;6;V;RACKAPUTT NORD;0;0;9;;25;4059;40G4;5540.99;1429.88;48;30;1.51;78;5.1;;0.436;41.2;198;370;;2
Plaice;2016-02-21;2016;1;2;OXBH.2016.8;No;10050;8;V;RACKAPUTT 38 M;0;0;9;;25;4059;40G4;5542.12;1422.07;37.7;30;1.49;73;5.5;;0.403;36.8;146;210;;2
Plaice;2016-02-21;2016;1;2;OXBH.2016.8;No;10050;8;V;RACKAPUTT 38 M;0;0;9;;25;4059;40G4;5542.12;1422.07;37.7;30;1.49;73;5.5;;0.403;36.8;146;220;;4
Plaice;2016-02-21;2016;1;2;OXBH.2016.8;No;10050;8;V;RACKAPUTT 38 M;0;0;9;;25;4059;40G4;5542.12;1422.07;37.7;30;1.49;73;5.5;;0.403;36.8;146;230;;4
Plaice;2016-02-21;2016;1;2;OXBH.2016.8;No;10050;8;V;RACKAPUTT 38 M;0;0;9;;25;4059;40G4;5542.12;1422.07;37.7;30;1.49;73;5.5;;0.403;36.8;146;250;;4
Plaice;2016-02-21;2016;1;2;OXBH.2016.8;No;10050;8;V;RACKAPUTT 38 M;0;0;9;;25;4059;40G4;5542.12;1422.07;37.7;30;1.49;73;5.5;;0.403;36.8;146;260;;6
Plaice;2016-02-21;2016;1;2;OXBH.2016.8;No;10050;8;V;RACKAPUTT 38 M;0;0;9;;25;4059;40G4;5542.12;1422.07;37.7;30;1.49;73;5.5;;0.403;36.8;146;270;;22
Plaice;2016-02-21;2016;1;2;OXBH.2016.8;No;10050;8;V;RACKAPUTT 38 M;0;0;9;;25;4059;40G4;5542.12;1422.07;37.7;30;1.49;73;5.5;;0.403;36.8;146;280;;22
Plaice;2016-02-21;2016;1;2;OXBH.2016.8;No;10050;8;V;RACKAPUTT 38 M;0;0;9;;25;4059;40G4;5542.12;1422.07;37.7;30;1.49;73;5.5;;0.403;36.8;146;290;;18
Plaice;2016-02-21;2016;1;2;OXBH.2016.8;No;10050;8;V;RACKAPUTT 38 M;0;0;9;;25;4059;40G4;5542.12;1422.07;37.7;30;1.49;73;5.5;;0.403;36.8;146;300;;6
Plaice;2016-02-21;2016;1;2;OXBH.2016.8;No;10050;8;V;RACKAPUTT 38 M;0;0;9;;25;4059;40G4;5542.12;1422.07;37.7;30;1.49;73;5.5;;0.403;36.8;146;310;;22
Plaice;2016-02-21;2016;1;2;OXBH.2016.8;No;10050;8;V;RACKAPUTT 38 M;0;0;9;;25;4059;40G4;5542.12;1422.07;37.7;30;1.49;73;5.5;;0.403;36.8;146;320;;12
Plaice;2016-02-21;2016;1;2;OXBH.2016.8;No;10050;8;V;RACKAPUTT 38 M;0;0;9;;25;4059;40G4;5542.12;1422.07;37.7;30;1.49;73;5.5;;0.403;36.8;146;330;;4
Plaice;2016-02-21;2016;1;2;OXBH.2016.8;No;10050;8;V;RACKAPUTT 38 M;0;0;9;;25;4059;40G4;5542.12;1422.07;37.7;30;1.49;73;5.5;;0.403;36.8;146;340;;2
Plaice;2016-02-21;2016;1;2;OXBH.2016.8;No;10050;8;V;RACKAPUTT 38 M;0;0;9;;25;4059;40G4;5542.12;1422.07;37.7;30;1.49;73;5.5;;0.403;36.8;146;350;;4
Plaice;2016-02-21;2016;1;2;OXBH.2016.8;No;10050;8;V;RACKAPUTT 38 M;0;0;9;;25;4059;40G4;5542.12;1422.07;37.7;30;1.49;73;5.5;;0.403;36.8;146;360;;8
Plaice;2016-02-21;2016;1;2;OXBH.2016.8;No;10050;8;V;RACKAPUTT 38 M;0;0;9;;25;4059;40G4;5542.12;1422.07;37.7;30;1.49;73;5.5;;0.403;36.8;146;370;;4
Plaice;2016-02-21;2016;1;2;OXBH.2016.8;No;10050;8;V;RACKAPUTT 38 M;0;0;9;;25;4059;40G4;5542.12;1422.07;37.7;30;1.49;73;5.5;;0.403;36.8;146;410;;2
Plaice;2016-02-22;2016;1;2;OXBH.2016.10;No;10051;10;V;1WNW VÄSTRA NABBEN;0;0;9;;25;4060;40G5;5546.21;1514.89;55.8;30;1.5;87;4.6;;0.483;129;466;170;;4
Plaice;2016-02-22;2016;1;2;OXBH.2016.10;No;10051;10;V;1WNW VÄSTRA NABBEN;0;0;9;;25;4060;40G5;5546.21;1514.89;55.8;30;1.5;87;4.6;;0.483;129;466;190;;10
Plaice;2016-02-22;2016;1;2;OXBH.2016.10;No;10051;10;V;1WNW VÄSTRA NABBEN;0;0;9;;25;4060;40G5;5546.21;1514.89;55.8;30;1.5;87;4.6;;0.483;129;466;200;;40
Plaice;2016-02-22;2016;1;2;OXBH.2016.10;No;10051;10;V;1WNW VÄSTRA NABBEN;0;0;9;;25;4060;40G5;5546.21;1514.89;55.8;30;1.5;87;4.6;;0.483;129;466;210;;60
Plaice;2016-02-22;2016;1;2;OXBH.2016.10;No;10051;10;V;1WNW VÄSTRA NABBEN;0;0;9;;25;4060;40G5;5546.21;1514.89;55.8;30;1.5;87;4.6;;0.483;129;466;220;;82
Plaice;2016-02-22;2016;1;2;OXBH.2016.10;No;10051;10;V;1WNW VÄSTRA NABBEN;0;0;9;;25;4060;40G5;5546.21;1514.89;55.8;30;1.5;87;4.6;;0.483;129;466;230;;88
Plaice;2016-02-22;2016;1;2;OXBH.2016.10;No;10051;10;V;1WNW VÄSTRA NABBEN;0;0;9;;25;4060;40G5;5546.21;1514.89;55.8;30;1.5;87;4.6;;0.483;129;466;240;;64
Plaice;2016-02-22;2016;1;2;OXBH.2016.10;No;10051;10;V;1WNW VÄSTRA NABBEN;0;0;9;;25;4060;40G5;5546.21;1514.89;55.8;30;1.5;87;4.6;;0.483;129;466;250;;40
Plaice;2016-02-22;2016;1;2;OXBH.2016.10;No;10051;10;V;1WNW VÄSTRA NABBEN;0;0;9;;25;4060;40G5;5546.21;1514.89;55.8;30;1.5;87;4.6;;0.483;129;466;260;;34
Plaice;2016-02-22;2016;1;2;OXBH.2016.10;No;10051;10;V;1WNW VÄSTRA NABBEN;0;0;9;;25;4060;40G5;5546.21;1514.89;55.8;30;1.5;87;4.6;;0.483;129;466;270;;20
Plaice;2016-02-22;2016;1;2;OXBH.2016.10;No;10051;10;V;1WNW VÄSTRA NABBEN;0;0;9;;25;4060;40G5;5546.21;1514.89;55.8;30;1.5;87;4.6;;0.483;129;466;280;;6
Plaice;2016-02-22;2016;1;2;OXBH.2016.10;No;10051;10;V;1WNW VÄSTRA NABBEN;0;0;9;;25;4060;40G5;5546.21;1514.89;55.8;30;1.5;87;4.6;;0.483;129;466;290;;6
Plaice;2016-02-22;2016;1;2;OXBH.2016.10;No;10051;10;V;1WNW VÄSTRA NABBEN;0;0;9;;25;4060;40G5;5546.21;1514.89;55.8;30;1.5;87;4.6;;0.483;129;466;300;;4
Plaice;2016-02-22;2016;1;2;OXBH.2016.10;No;10051;10;V;1WNW VÄSTRA NABBEN;0;0;9;;25;4060;40G5;5546.21;1514.89;55.8;30;1.5;87;4.6;;0.483;129;466;310;;2
Plaice;2016-02-22;2016;1;2;OXBH.2016.10;No;10051;10;V;1WNW VÄSTRA NABBEN;0;0;9;;25;4060;40G5;5546.21;1514.89;55.8;30;1.5;87;4.6;;0.483;129;466;320;;4
Plaice;2016-02-22;2016;1;2;OXBH.2016.10;No;10051;10;V;1WNW VÄSTRA NABBEN;0;0;9;;25;4060;40G5;5546.21;1514.89;55.8;30;1.5;87;4.6;;0.483;129;466;340;;2
Plaice;2016-02-22;2016;1;2;OXBH.2016.12;No;10052;12;V;3 N VÄSTRA NABBEN;0;0;9;;25;4060;40G5;5548.33;1517.3;55;30;1.51;84;4.6;;0.47;48.4;346;170;;2
Plaice;2016-02-22;2016;1;2;OXBH.2016.12;No;10052;12;V;3 N VÄSTRA NABBEN;0;0;9;;25;4060;40G5;5548.33;1517.3;55;30;1.51;84;4.6;;0.47;48.4;346;180;;2
Plaice;2016-02-22;2016;1;2;OXBH.2016.12;No;10052;12;V;3 N VÄSTRA NABBEN;0;0;9;;25;4060;40G5;5548.33;1517.3;55;30;1.51;84;4.6;;0.47;48.4;346;190;;2
Plaice;2016-02-22;2016;1;2;OXBH.2016.12;No;10052;12;V;3 N VÄSTRA NABBEN;0;0;9;;25;4060;40G5;5548.33;1517.3;55;30;1.51;84;4.6;;0.47;48.4;346;200;;20
Plaice;2016-02-22;2016;1;2;OXBH.2016.12;No;10052;12;V;3 N VÄSTRA NABBEN;0;0;9;;25;4060;40G5;5548.33;1517.3;55;30;1.51;84;4.6;;0.47;48.4;346;210;;40
Plaice;2016-02-22;2016;1;2;OXBH.2016.12;No;10052;12;V;3 N VÄSTRA NABBEN;0;0;9;;25;4060;40G5;5548.33;1517.3;55;30;1.51;84;4.6;;0.47;48.4;346;220;;38
Plaice;2016-02-22;2016;1;2;OXBH.2016.12;No;10052;12;V;3 N VÄSTRA NABBEN;0;0;9;;25;4060;40G5;5548.33;1517.3;55;30;1.51;84;4.6;;0.47;48.4;346;230;;48
Plaice;2016-02-22;2016;1;2;OXBH.2016.12;No;10052;12;V;3 N VÄSTRA NABBEN;0;0;9;;25;4060;40G5;5548.33;1517.3;55;30;1.51;84;4.6;;0.47;48.4;346;240;;36
Plaice;2016-02-22;2016;1;2;OXBH.2016.12;No;10052;12;V;3 N VÄSTRA NABBEN;0;0;9;;25;4060;40G5;5548.33;1517.3;55;30;1.51;84;4.6;;0.47;48.4;346;250;;40
Plaice;2016-02-22;2016;1;2;OXBH.2016.12;No;10052;12;V;3 N VÄSTRA NABBEN;0;0;9;;25;4060;40G5;5548.33;1517.3;55;30;1.51;84;4.6;;0.47;48.4;346;260;;28
Plaice;2016-02-22;2016;1;2;OXBH.2016.12;No;10052;12;V;3 N VÄSTRA NABBEN;0;0;9;;25;4060;40G5;5548.33;1517.3;55;30;1.51;84;4.6;;0.47;48.4;346;270;;22
Plaice;2016-02-22;2016;1;2;OXBH.2016.12;No;10052;12;V;3 N VÄSTRA NABBEN;0;0;9;;25;4060;40G5;5548.33;1517.3;55;30;1.51;84;4.6;;0.47;48.4;346;280;;28
Plaice;2016-02-22;2016;1;2;OXBH.2016.12;No;10052;12;V;3 N VÄSTRA NABBEN;0;0;9;;25;4060;40G5;5548.33;1517.3;55;30;1.51;84;4.6;;0.47;48.4;346;290;;14
Plaice;2016-02-22;2016;1;2;OXBH.2016.12;No;10052;12;V;3 N VÄSTRA NABBEN;0;0;9;;25;4060;40G5;5548.33;1517.3;55;30;1.51;84;4.6;;0.47;48.4;346;300;;10
Plaice;2016-02-22;2016;1;2;OXBH.2016.12;No;10052;12;V;3 N VÄSTRA NABBEN;0;0;9;;25;4060;40G5;5548.33;1517.3;55;30;1.51;84;4.6;;0.47;48.4;346;310;;6
Plaice;2016-02-22;2016;1;2;OXBH.2016.12;No;10052;12;V;3 N VÄSTRA NABBEN;0;0;9;;25;4060;40G5;5548.33;1517.3;55;30;1.51;84;4.6;;0.47;48.4;346;320;;8
Plaice;2016-02-22;2016;1;2;OXBH.2016.12;No;10052;12;V;3 N VÄSTRA NABBEN;0;0;9;;25;4060;40G5;5548.33;1517.3;55;30;1.51;84;4.6;;0.47;48.4;346;360;;2
Plaice;2016-02-22;2016;1;2;OXBH.2016.14;No;10053;14;V;INNERTORPET SYD;0;0;9;;25;4060;40G5;5556.52;1519.14;46;30;1.51;86;4.7;;0.481;2.87;16;240;;2
Plaice;2016-02-22;2016;1;2;OXBH.2016.14;No;10053;14;V;INNERTORPET SYD;0;0;9;;25;4060;40G5;5556.52;1519.14;46;30;1.51;86;4.7;;0.481;2.87;16;260;;6
Plaice;2016-02-22;2016;1;2;OXBH.2016.14;No;10053;14;V;INNERTORPET SYD;0;0;9;;25;4060;40G5;5556.52;1519.14;46;30;1.51;86;4.7;;0.481;2.87;16;270;;4
Plaice;2016-02-22;2016;1;2;OXBH.2016.14;No;10053;14;V;INNERTORPET SYD;0;0;9;;25;4060;40G5;5556.52;1519.14;46;30;1.51;86;4.7;;0.481;2.87;16;280;;2
Plaice;2016-02-22;2016;1;2;OXBH.2016.14;No;10053;14;V;INNERTORPET SYD;0;0;9;;25;4060;40G5;5556.52;1519.14;46;30;1.51;86;4.7;;0.481;2.87;16;310;;2
Plaice;2016-02-22;2016;1;2;OXBH.2016.16;No;10054;16;V;5 SSW UTKLIPPAN;0;0;9;;25;4060;40G5;5552.96;1534;50.7;30;1.45;84;5.3;;0.451;0.32;2;270;;2
Plaice;2016-02-23;2016;1;2;OXBH.2016.18;No;10055;18;V;13 NE SÖDRA  MIDSJÖBANKEN;;;;;25;4062;40G7;5546.84;1741.92;57.5;30;1.49;;;;;;;;;
Plaice;2016-02-23;2016;1;2;OXBH.2016.20;No;10056;20;V;18 NE SÖDRA MIDSJÖBANKEN;0;0;9;;25;4062;40G7;5553.41;1743.67;62;30;1.5;88;4.7;;0.489;1.968;14;200;;2
Plaice;2016-02-23;2016;1;2;OXBH.2016.20;No;10056;20;V;18 NE SÖDRA MIDSJÖBANKEN;0;0;9;;25;4062;40G7;5553.41;1743.67;62;30;1.5;88;4.7;;0.489;1.968;14;210;;2
Plaice;2016-02-23;2016;1;2;OXBH.2016.20;No;10056;20;V;18 NE SÖDRA MIDSJÖBANKEN;0;0;9;;25;4062;40G7;5553.41;1743.67;62;30;1.5;88;4.7;;0.489;1.968;14;230;;2
Plaice;2016-02-23;2016;1;2;OXBH.2016.20;No;10056;20;V;18 NE SÖDRA MIDSJÖBANKEN;0;0;9;;25;4062;40G7;5553.41;1743.67;62;30;1.5;88;4.7;;0.489;1.968;14;240;;6
Plaice;2016-02-23;2016;1;2;OXBH.2016.20;No;10056;20;V;18 NE SÖDRA MIDSJÖBANKEN;0;0;9;;25;4062;40G7;5553.41;1743.67;62;30;1.5;88;4.7;;0.489;1.968;14;270;;2
Plaice;2016-02-23;2016;1;2;OXBH.2016.21;No;10057;21;V;14 ESE NORRA MIDSJÖBANKEN;0;0;9;;25;4162;41G7;5605.63;1749.7;66.7;30;1.5;86;4.6;;0.478;0.628;2;340;;2
Plaice;2016-02-23;2016;1;2;OXBH.2016.23;No;10058;23;V;16 SSW HOBURG BANK;;;;;26;4163;41G8;5619.45;1824.26;42;30;1.5;;;;;;;;;
Plaice;2016-02-23;2016;1;2;OXBH.2016.25;No;10059;25;V;14 W BANANBANKEN;0;0;9;;26;4163;41G8;5612.64;1821.96;69;22;1.08;89;4.4;;0.485;1.729;10.9;200;;2.7
Plaice;2016-02-23;2016;1;2;OXBH.2016.25;No;10059;25;V;14 W BANANBANKEN;0;0;9;;26;4163;41G8;5612.64;1821.96;69;22;1.08;89;4.4;;0.485;1.729;10.9;240;;2.7
Plaice;2016-02-23;2016;1;2;OXBH.2016.25;No;10059;25;V;14 W BANANBANKEN;0;0;9;;26;4163;41G8;5612.64;1821.96;69;22;1.08;89;4.4;;0.485;1.729;10.9;250;;2.7
Plaice;2016-02-23;2016;1;2;OXBH.2016.25;No;10059;25;V;14 W BANANBANKEN;0;0;9;;26;4163;41G8;5612.64;1821.96;69;22;1.08;89;4.4;;0.485;1.729;10.9;300;;2.7
Plaice;2016-02-24;2016;1;2;OXBH.2016.30;No;10060;30;V;11 SSW BANANBANK;;;;;26;4063;40G8;5555.13;1838.17;114;30;1.51;;;;;;;;;
Plaice;2016-02-24;2016;1;2;OXBH.2016.31;No;10061;31;V;5 SE BANANBANKEN;0;0;9;;26;4163;41G8;5601.14;1854.29;121.6;30;1.49;93;4;;0.513;0.376;4;190;;2
Plaice;2016-02-24;2016;1;2;OXBH.2016.31;No;10061;31;V;5 SE BANANBANKEN;0;0;9;;26;4163;41G8;5601.14;1854.29;121.6;30;1.49;93;4;;0.513;0.376;4;230;;2
Plaice;2016-02-24;2016;1;2;OXBH.2016.34;No;10062;34;V;10,5 S HOBURG BANK;;;;;26;4163;41G8;5623.26;1836.25;77.7;30;1.5;;;;;;;;;
Plaice;2016-02-24;2016;1;2;OXBH.2016.36;No;10063;36;N;8 S HOBURG BANK;;;;;26;4163;41G8;5627.2;1840.1;74;30;1.5;;;;;;;;;
Plaice;2016-02-24;2016;1;2;OXBH.2016.37;No;10064;37;V;11 S HOBURG BANK;0;0;9;;26;4163;41G8;5623.78;1829.61;38;30;1.5;79;5.6;;0.439;0.312;2;260;;2
Plaice;2016-02-25;2016;1;2;OXBH.2016.40;No;10065;40;N;13 E FALUDDEN;;;;;28;4363;43G8;5700.3;1848.4;73;30;1.5;;;;;;;;;
Plaice;2016-02-25;2016;1;2;OXBH.2016.41;No;10066;41;V;4,5 SE NÄR;;;;;28;4363;43G8;5709.14;1847.9;41;30;1.5;;;;;;;;;
Plaice;2016-02-25;2016;1;2;OXBH.2016.44;No;10067;44;N;12 E NÄR;;;;;28;4364;43G9;5712.1;1903.06;83;30;1.5;;;;;;;;;
Plaice;2016-02-25;2016;1;2;OXBH.2016.46;No;10068;46;V;12 E LJUGARN;0;0;9;;28;4364;43G9;5719.4;1904.63;68;30;1.5;83;5;;0.461;0.512;2;280;;2
Plaice;2016-02-25;2016;1;2;OXBH.2016.48;No;10069;48;N;8 SE ÖSTERGARN NORD;;;;;28;4364;43G9;5721.03;1909.17;84.5;30;1.5;;;;;;;;;
Plaice;2016-02-25;2016;1;2;OXBH.2016.49;No;10070;49;V;3 SE GRAUTEN;;;;;28;4464;44G9;5740.17;1903.87;36;30;1.5;;;;;;;;;
Plaice;2016-02-26;2016;1;2;OXBH.2016.53;No;10071;53;V;11 SE BUNGEÖR;;;;;28;4464;44G9;5741.36;1922.63;74;30;1.48;;;;;;;;;
Plaice;2016-02-26;2016;1;2;OXBH.2016.55;No;10072;55;V;5 SE FÅRÖ;0;0;9;;28;4464;44G9;5752.43;1925.19;49;30;1.51;83;4.7;;0.464;0.44;2;290;;2
Plaice;2016-02-26;2016;1;2;OXBH.2016.57;No;10073;57;N;E SALVOREV;;;;;28;4564;45G9;5802.08;1929.77;91;30;1.5;;;;;;;;;
Plaice;2016-02-26;2016;1;2;OXBH.2016.59;No;10074;59;N;6 NW VISBY;;;;;27;4463;44G8;5744.5;1810;104;30;1.5;;;;;;;;;
Plaice;2016-02-26;2016;1;2;OXBH.2016.61;No;10075;61;N;10 NW VISBY;;;;;27;4463;44G8;5746;1807;103;30;1.5;;;;;;;;;
Plaice;2016-02-27;2016;1;2;OXBH.2016.63;No;10076;63;N;10 SE KNOLLS GRUND;;;;;27;4362;43G7;5727.5;1744;108;30;1.5;;;;;;;;;
Plaice;2016-02-27;2016;1;2;OXBH.2016.65;No;10077;65;V;5 SSE KNOLLS GRUND;0;0;9;;27;4362;43G7;5729.88;1734.4;72;30;1.52;86;4.3;;0.484;0.496;2;310;;2
Plaice;2016-02-27;2016;1;2;OXBH.2016.67;No;10078;67;V;7 ESE HÖGBY FYR;0;0;9;;27;4362;43G7;5707.58;1717.43;73;30;1.5;86;4.4;;0.478;0.336;2;260;;2
Plaice;2016-02-27;2016;1;2;OXBH.2016.69;No;10079;69;N;11,5 NW HOBURG;;;;;27;4362;43G7;5703.8;1752.1;84;30;1.5;;;;;;;;;
Plaice;2016-02-27;2016;1;2;OXBH.2016.71;No;10080;71;N;9 NW HOBURG;;;;;27;4362;43G7;5704.4;1754.6;76;30;1.5;;;;;;;;;
Plaice;2016-02-28;2016;1;2;OXBH.2016.73;No;10081;73;V;6 SE BLÄSINGE;0;0;9;;27;4261;42G6;5634.41;1651.32;63;30;1.5;83;4.9;;0.461;0.368;2;270;;2
Plaice;2016-02-28;2016;1;2;OXBH.2016.75;No;10082;75;V;15 NE SEGERSTAD;;;;;25;4161;41G6;5628.92;1657.5;71;30;1.5;;;;;;;;;
Plaice;2016-02-28;2016;1;2;OXBH.2016.76;No;10083;76;V;12 SSW HOBURG BANK;;;;;26;4163;41G8;5624.43;1829.39;34;30;1.49;;;;;;;;;
Plaice;2016-02-28;2016;1;2;OXBH.2016.78;No;10084;78;V;14 S HOBURG BANK;0;0;9;;26;4163;41G8;5621.03;1829.37;53.7;30;1.49;80;5.2;;0.442;0.428;2;280;;2
Plaice;2016-02-29;2016;1;2;OXBH.2016.81;No;10085;81;V;18 ENE NORRA MIDSJÖBANKEN ;0;0;9;;25;4162;41G7;5615.63;1753.32;45;30;1.51;80;5.3;;0.447;0.972;2;370;;2
Plaice;2016-02-29;2016;1;2;OXBH.2016.83;No;10086;83;V;4 SE NORRA MIDSJÖBANKEN;0;0;9;;25;4162;41G7;5605.07;1724.69;41;30;1.52;76;5.5;;0.428;0.344;2;260;;2
Plaice;2016-02-29;2016;1;2;OXBH.2016.84;No;10087;84;V;3 SE TENERIFFA;0;0;9;;25;4061;40G6;5547.72;1641.8;49;30;1.5;80;5.2;;0.444;2.904;18;160;;2
Plaice;2016-02-29;2016;1;2;OXBH.2016.84;No;10087;84;V;3 SE TENERIFFA;0;0;9;;25;4061;40G6;5547.72;1641.8;49;30;1.5;80;5.2;;0.444;2.904;18;210;;2
Plaice;2016-02-29;2016;1;2;OXBH.2016.84;No;10087;84;V;3 SE TENERIFFA;0;0;9;;25;4061;40G6;5547.72;1641.8;49;30;1.5;80;5.2;;0.444;2.904;18;230;;2
Plaice;2016-02-29;2016;1;2;OXBH.2016.84;No;10087;84;V;3 SE TENERIFFA;0;0;9;;25;4061;40G6;5547.72;1641.8;49;30;1.5;80;5.2;;0.444;2.904;18;260;;4
Plaice;2016-02-29;2016;1;2;OXBH.2016.84;No;10087;84;V;3 SE TENERIFFA;0;0;9;;25;4061;40G6;5547.72;1641.8;49;30;1.5;80;5.2;;0.444;2.904;18;270;;2
Plaice;2016-02-29;2016;1;2;OXBH.2016.84;No;10087;84;V;3 SE TENERIFFA;0;0;9;;25;4061;40G6;5547.72;1641.8;49;30;1.5;80;5.2;;0.444;2.904;18;280;;2
Plaice;2016-02-29;2016;1;2;OXBH.2016.84;No;10087;84;V;3 SE TENERIFFA;0;0;9;;25;4061;40G6;5547.72;1641.8;49;30;1.5;80;5.2;;0.444;2.904;18;290;;2
Plaice;2016-02-29;2016;1;2;OXBH.2016.84;No;10087;84;V;3 SE TENERIFFA;0;0;9;;25;4061;40G6;5547.72;1641.8;49;30;1.5;80;5.2;;0.444;2.904;18;320;;2
Plaice;2016-03-01;2016;1;3;OXBH.2016.87;No;10088;87;V;7 NW TENERIFFA;0;0;9;;25;4061;40G6;5551.85;1628.64;53;30;1.49;82;5.4;;0.453;3.688;22;220;;2
Plaice;2016-03-01;2016;1;3;OXBH.2016.87;No;10088;87;V;7 NW TENERIFFA;0;0;9;;25;4061;40G6;5551.85;1628.64;53;30;1.49;82;5.4;;0.453;3.688;22;230;;4
Plaice;2016-03-01;2016;1;3;OXBH.2016.87;No;10088;87;V;7 NW TENERIFFA;0;0;9;;25;4061;40G6;5551.85;1628.64;53;30;1.49;82;5.4;;0.453;3.688;22;260;;2
Plaice;2016-03-01;2016;1;3;OXBH.2016.87;No;10088;87;V;7 NW TENERIFFA;0;0;9;;25;4061;40G6;5551.85;1628.64;53;30;1.49;82;5.4;;0.453;3.688;22;270;;8
Plaice;2016-03-01;2016;1;3;OXBH.2016.87;No;10088;87;V;7 NW TENERIFFA;0;0;9;;25;4061;40G6;5551.85;1628.64;53;30;1.49;82;5.4;;0.453;3.688;22;280;;2
Plaice;2016-03-01;2016;1;3;OXBH.2016.87;No;10088;87;V;7 NW TENERIFFA;0;0;9;;25;4061;40G6;5551.85;1628.64;53;30;1.49;82;5.4;;0.453;3.688;22;290;;2
Plaice;2016-03-01;2016;1;3;OXBH.2016.87;No;10088;87;V;7 NW TENERIFFA;0;0;9;;25;4061;40G6;5551.85;1628.64;53;30;1.49;82;5.4;;0.453;3.688;22;300;;2
Plaice;2016-03-01;2016;1;3;OXBH.2016.89;No;10089;89;V;5 NW HOLGERS STEN;0;0;9;;25;4061;40G6;5544.69;1619.97;66;30;1.5;86;4.8;;0.478;19.4;152;170;;2
Plaice;2016-03-01;2016;1;3;OXBH.2016.89;No;10089;89;V;5 NW HOLGERS STEN;0;0;9;;25;4061;40G6;5544.69;1619.97;66;30;1.5;86;4.8;;0.478;19.4;152;190;;6
Plaice;2016-03-01;2016;1;3;OXBH.2016.89;No;10089;89;V;5 NW HOLGERS STEN;0;0;9;;25;4061;40G6;5544.69;1619.97;66;30;1.5;86;4.8;;0.478;19.4;152;200;;8
Plaice;2016-03-01;2016;1;3;OXBH.2016.89;No;10089;89;V;5 NW HOLGERS STEN;0;0;9;;25;4061;40G6;5544.69;1619.97;66;30;1.5;86;4.8;;0.478;19.4;152;210;;14
Plaice;2016-03-01;2016;1;3;OXBH.2016.89;No;10089;89;V;5 NW HOLGERS STEN;0;0;9;;25;4061;40G6;5544.69;1619.97;66;30;1.5;86;4.8;;0.478;19.4;152;220;;12
Plaice;2016-03-01;2016;1;3;OXBH.2016.89;No;10089;89;V;5 NW HOLGERS STEN;0;0;9;;25;4061;40G6;5544.69;1619.97;66;30;1.5;86;4.8;;0.478;19.4;152;230;;10
Plaice;2016-03-01;2016;1;3;OXBH.2016.89;No;10089;89;V;5 NW HOLGERS STEN;0;0;9;;25;4061;40G6;5544.69;1619.97;66;30;1.5;86;4.8;;0.478;19.4;152;240;;32
Plaice;2016-03-01;2016;1;3;OXBH.2016.89;No;10089;89;V;5 NW HOLGERS STEN;0;0;9;;25;4061;40G6;5544.69;1619.97;66;30;1.5;86;4.8;;0.478;19.4;152;250;;12
Plaice;2016-03-01;2016;1;3;OXBH.2016.89;No;10089;89;V;5 NW HOLGERS STEN;0;0;9;;25;4061;40G6;5544.69;1619.97;66;30;1.5;86;4.8;;0.478;19.4;152;260;;26
Plaice;2016-03-01;2016;1;3;OXBH.2016.89;No;10089;89;V;5 NW HOLGERS STEN;0;0;9;;25;4061;40G6;5544.69;1619.97;66;30;1.5;86;4.8;;0.478;19.4;152;270;;8
Plaice;2016-03-01;2016;1;3;OXBH.2016.89;No;10089;89;V;5 NW HOLGERS STEN;0;0;9;;25;4061;40G6;5544.69;1619.97;66;30;1.5;86;4.8;;0.478;19.4;152;280;;14
Plaice;2016-03-01;2016;1;3;OXBH.2016.89;No;10089;89;V;5 NW HOLGERS STEN;0;0;9;;25;4061;40G6;5544.69;1619.97;66;30;1.5;86;4.8;;0.478;19.4;152;290;;6
Plaice;2016-03-01;2016;1;3;OXBH.2016.89;No;10089;89;V;5 NW HOLGERS STEN;0;0;9;;25;4061;40G6;5544.69;1619.97;66;30;1.5;86;4.8;;0.478;19.4;152;320;;2
Plaice;2016-03-01;2016;1;3;OXBH.2016.91;No;10090;91;V;ARGOS TRACK;0;0;9;;25;4061;40G6;5552.24;1604.06;54;30;1.51;88;4.7;;0.492;3.016;12;250;;2
Plaice;2016-03-01;2016;1;3;OXBH.2016.91;No;10090;91;V;ARGOS TRACK;0;0;9;;25;4061;40G6;5552.24;1604.06;54;30;1.51;88;4.7;;0.492;3.016;12;260;;2
Plaice;2016-03-01;2016;1;3;OXBH.2016.91;No;10090;91;V;ARGOS TRACK;0;0;9;;25;4061;40G6;5552.24;1604.06;54;30;1.51;88;4.7;;0.492;3.016;12;270;;2
Plaice;2016-03-01;2016;1;3;OXBH.2016.91;No;10090;91;V;ARGOS TRACK;0;0;9;;25;4061;40G6;5552.24;1604.06;54;30;1.51;88;4.7;;0.492;3.016;12;290;;2
Plaice;2016-03-01;2016;1;3;OXBH.2016.91;No;10090;91;V;ARGOS TRACK;0;0;9;;25;4061;40G6;5552.24;1604.06;54;30;1.51;88;4.7;;0.492;3.016;12;340;;2
Plaice;2016-03-01;2016;1;3;OXBH.2016.91;No;10090;91;V;ARGOS TRACK;0;0;9;;25;4061;40G6;5552.24;1604.06;54;30;1.51;88;4.7;;0.492;3.016;12;350;;2
Plaice;2016-03-01;2016;1;3;OXBH.2016.93;No;10091;93;V;INRE U10;0;0;9;;25;4060;40G5;5547.87;1557.3;60.6;30;1.51;86;4.7;;0.481;3.956;28;160;;2
Plaice;2016-03-01;2016;1;3;OXBH.2016.93;No;10091;93;V;INRE U10;0;0;9;;25;4060;40G5;5547.87;1557.3;60.6;30;1.51;86;4.7;;0.481;3.956;28;230;;8
Plaice;2016-03-01;2016;1;3;OXBH.2016.93;No;10091;93;V;INRE U10;0;0;9;;25;4060;40G5;5547.87;1557.3;60.6;30;1.51;86;4.7;;0.481;3.956;28;240;;4
Plaice;2016-03-01;2016;1;3;OXBH.2016.93;No;10091;93;V;INRE U10;0;0;9;;25;4060;40G5;5547.87;1557.3;60.6;30;1.51;86;4.7;;0.481;3.956;28;250;;6
Plaice;2016-03-01;2016;1;3;OXBH.2016.93;No;10091;93;V;INRE U10;0;0;9;;25;4060;40G5;5547.87;1557.3;60.6;30;1.51;86;4.7;;0.481;3.956;28;260;;2
Plaice;2016-03-01;2016;1;3;OXBH.2016.93;No;10091;93;V;INRE U10;0;0;9;;25;4060;40G5;5547.87;1557.3;60.6;30;1.51;86;4.7;;0.481;3.956;28;270;;2
Plaice;2016-03-01;2016;1;3;OXBH.2016.93;No;10091;93;V;INRE U10;0;0;9;;25;4060;40G5;5547.87;1557.3;60.6;30;1.51;86;4.7;;0.481;3.956;28;280;;4
Plaice;2016-03-02;2016;1;3;OXBH.2016.95;No;10092;95;V;3 NW VÄSTRA NABBEN;0;0;9;;25;4060;40G5;5550.45;1517.48;51;30;1.51;87;4.9;;0.487;16.86;88;160;;2
Plaice;2016-03-02;2016;1;3;OXBH.2016.95;No;10092;95;V;3 NW VÄSTRA NABBEN;0;0;9;;25;4060;40G5;5550.45;1517.48;51;30;1.51;87;4.9;;0.487;16.86;88;170;;2
Plaice;2016-03-02;2016;1;3;OXBH.2016.95;No;10092;95;V;3 NW VÄSTRA NABBEN;0;0;9;;25;4060;40G5;5550.45;1517.48;51;30;1.51;87;4.9;;0.487;16.86;88;200;;2
Plaice;2016-03-02;2016;1;3;OXBH.2016.95;No;10092;95;V;3 NW VÄSTRA NABBEN;0;0;9;;25;4060;40G5;5550.45;1517.48;51;30;1.51;87;4.9;;0.487;16.86;88;220;;4
Plaice;2016-03-02;2016;1;3;OXBH.2016.95;No;10092;95;V;3 NW VÄSTRA NABBEN;0;0;9;;25;4060;40G5;5550.45;1517.48;51;30;1.51;87;4.9;;0.487;16.86;88;230;;4
Plaice;2016-03-02;2016;1;3;OXBH.2016.95;No;10092;95;V;3 NW VÄSTRA NABBEN;0;0;9;;25;4060;40G5;5550.45;1517.48;51;30;1.51;87;4.9;;0.487;16.86;88;240;;6
Plaice;2016-03-02;2016;1;3;OXBH.2016.95;No;10092;95;V;3 NW VÄSTRA NABBEN;0;0;9;;25;4060;40G5;5550.45;1517.48;51;30;1.51;87;4.9;;0.487;16.86;88;260;;22
Plaice;2016-03-02;2016;1;3;OXBH.2016.95;No;10092;95;V;3 NW VÄSTRA NABBEN;0;0;9;;25;4060;40G5;5550.45;1517.48;51;30;1.51;87;4.9;;0.487;16.86;88;270;;4
Plaice;2016-03-02;2016;1;3;OXBH.2016.95;No;10092;95;V;3 NW VÄSTRA NABBEN;0;0;9;;25;4060;40G5;5550.45;1517.48;51;30;1.51;87;4.9;;0.487;16.86;88;280;;16
Plaice;2016-03-02;2016;1;3;OXBH.2016.95;No;10092;95;V;3 NW VÄSTRA NABBEN;0;0;9;;25;4060;40G5;5550.45;1517.48;51;30;1.51;87;4.9;;0.487;16.86;88;290;;4
Plaice;2016-03-02;2016;1;3;OXBH.2016.95;No;10092;95;V;3 NW VÄSTRA NABBEN;0;0;9;;25;4060;40G5;5550.45;1517.48;51;30;1.51;87;4.9;;0.487;16.86;88;300;;4
Plaice;2016-03-02;2016;1;3;OXBH.2016.95;No;10092;95;V;3 NW VÄSTRA NABBEN;0;0;9;;25;4060;40G5;5550.45;1517.48;51;30;1.51;87;4.9;;0.487;16.86;88;310;;10
Plaice;2016-03-02;2016;1;3;OXBH.2016.95;No;10092;95;V;3 NW VÄSTRA NABBEN;0;0;9;;25;4060;40G5;5550.45;1517.48;51;30;1.51;87;4.9;;0.487;16.86;88;320;;6
Plaice;2016-03-02;2016;1;3;OXBH.2016.95;No;10092;95;V;3 NW VÄSTRA NABBEN;0;0;9;;25;4060;40G5;5550.45;1517.48;51;30;1.51;87;4.9;;0.487;16.86;88;330;;2
Plaice;2016-03-02;2016;1;3;OXBH.2016.97;No;10093;97;V;4 S YTTERTORPET;0;0;9;;25;4060;40G5;5544.71;1521.7;60;30;1.49;84;5.1;;0.464;141.8;1336.5;170;;5.4
Plaice;2016-03-02;2016;1;3;OXBH.2016.97;No;10093;97;V;4 S YTTERTORPET;0;0;9;;25;4060;40G5;5544.71;1521.7;60;30;1.49;84;5.1;;0.464;141.8;1336.5;180;;10.9
Plaice;2016-03-02;2016;1;3;OXBH.2016.97;No;10093;97;V;4 S YTTERTORPET;0;0;9;;25;4060;40G5;5544.71;1521.7;60;30;1.49;84;5.1;;0.464;141.8;1336.5;190;;65.2
Plaice;2016-03-02;2016;1;3;OXBH.2016.97;No;10093;97;V;4 S YTTERTORPET;0;0;9;;25;4060;40G5;5544.71;1521.7;60;30;1.49;84;5.1;;0.464;141.8;1336.5;200;;70.6
Plaice;2016-03-02;2016;1;3;OXBH.2016.97;No;10093;97;V;4 S YTTERTORPET;0;0;9;;25;4060;40G5;5544.71;1521.7;60;30;1.49;84;5.1;;0.464;141.8;1336.5;210;;244.5
Plaice;2016-03-02;2016;1;3;OXBH.2016.97;No;10093;97;V;4 S YTTERTORPET;0;0;9;;25;4060;40G5;5544.71;1521.7;60;30;1.49;84;5.1;;0.464;141.8;1336.5;220;;255.3
Plaice;2016-03-02;2016;1;3;OXBH.2016.97;No;10093;97;V;4 S YTTERTORPET;0;0;9;;25;4060;40G5;5544.71;1521.7;60;30;1.49;84;5.1;;0.464;141.8;1336.5;230;;249.9
Plaice;2016-03-02;2016;1;3;OXBH.2016.97;No;10093;97;V;4 S YTTERTORPET;0;0;9;;25;4060;40G5;5544.71;1521.7;60;30;1.49;84;5.1;;0.464;141.8;1336.5;240;;168.4
Plaice;2016-03-02;2016;1;3;OXBH.2016.97;No;10093;97;V;4 S YTTERTORPET;0;0;9;;25;4060;40G5;5544.71;1521.7;60;30;1.49;84;5.1;;0.464;141.8;1336.5;250;;108.7
Plaice;2016-03-02;2016;1;3;OXBH.2016.97;No;10093;97;V;4 S YTTERTORPET;0;0;9;;25;4060;40G5;5544.71;1521.7;60;30;1.49;84;5.1;;0.464;141.8;1336.5;260;;76.1
Plaice;2016-03-02;2016;1;3;OXBH.2016.97;No;10093;97;V;4 S YTTERTORPET;0;0;9;;25;4060;40G5;5544.71;1521.7;60;30;1.49;84;5.1;;0.464;141.8;1336.5;270;;27.2
Plaice;2016-03-02;2016;1;3;OXBH.2016.97;No;10093;97;V;4 S YTTERTORPET;0;0;9;;25;4060;40G5;5544.71;1521.7;60;30;1.49;84;5.1;;0.464;141.8;1336.5;280;;16.3
Plaice;2016-03-02;2016;1;3;OXBH.2016.97;No;10093;97;V;4 S YTTERTORPET;0;0;9;;25;4060;40G5;5544.71;1521.7;60;30;1.49;84;5.1;;0.464;141.8;1336.5;290;;10.9
Plaice;2016-03-02;2016;1;3;OXBH.2016.97;No;10093;97;V;4 S YTTERTORPET;0;0;9;;25;4060;40G5;5544.71;1521.7;60;30;1.49;84;5.1;;0.464;141.8;1336.5;300;;21.7
Plaice;2016-03-02;2016;1;3;OXBH.2016.97;No;10093;97;V;4 S YTTERTORPET;0;0;9;;25;4060;40G5;5544.71;1521.7;60;30;1.49;84;5.1;;0.464;141.8;1336.5;310;;5.4
Plaice;2016-11-19;2016;4;11;OXBH.2016.2;No;10190;2;V;3 N VÄSTRA NABBEN;0;0;9;;25;4060;40G5;5549.47;1519.46;54.7;30;1.45;85;4.5;;0.457;15.6;76;170;;4
Plaice;2016-11-19;2016;4;11;OXBH.2016.2;No;10190;2;V;3 N VÄSTRA NABBEN;0;0;9;;25;4060;40G5;5549.47;1519.46;54.7;30;1.45;85;4.5;;0.457;15.6;76;180;;2
Plaice;2016-11-19;2016;4;11;OXBH.2016.2;No;10190;2;V;3 N VÄSTRA NABBEN;0;0;9;;25;4060;40G5;5549.47;1519.46;54.7;30;1.45;85;4.5;;0.457;15.6;76;200;;4
Plaice;2016-11-19;2016;4;11;OXBH.2016.2;No;10190;2;V;3 N VÄSTRA NABBEN;0;0;9;;25;4060;40G5;5549.47;1519.46;54.7;30;1.45;85;4.5;;0.457;15.6;76;210;;2
Plaice;2016-11-19;2016;4;11;OXBH.2016.2;No;10190;2;V;3 N VÄSTRA NABBEN;0;0;9;;25;4060;40G5;5549.47;1519.46;54.7;30;1.45;85;4.5;;0.457;15.6;76;220;;2
Plaice;2016-11-19;2016;4;11;OXBH.2016.2;No;10190;2;V;3 N VÄSTRA NABBEN;0;0;9;;25;4060;40G5;5549.47;1519.46;54.7;30;1.45;85;4.5;;0.457;15.6;76;230;;12
Plaice;2016-11-19;2016;4;11;OXBH.2016.2;No;10190;2;V;3 N VÄSTRA NABBEN;0;0;9;;25;4060;40G5;5549.47;1519.46;54.7;30;1.45;85;4.5;;0.457;15.6;76;240;;8
Plaice;2016-11-19;2016;4;11;OXBH.2016.2;No;10190;2;V;3 N VÄSTRA NABBEN;0;0;9;;25;4060;40G5;5549.47;1519.46;54.7;30;1.45;85;4.5;;0.457;15.6;76;250;;2
Plaice;2016-11-19;2016;4;11;OXBH.2016.2;No;10190;2;V;3 N VÄSTRA NABBEN;0;0;9;;25;4060;40G5;5549.47;1519.46;54.7;30;1.45;85;4.5;;0.457;15.6;76;260;;8
Plaice;2016-11-19;2016;4;11;OXBH.2016.2;No;10190;2;V;3 N VÄSTRA NABBEN;0;0;9;;25;4060;40G5;5549.47;1519.46;54.7;30;1.45;85;4.5;;0.457;15.6;76;270;;8
Plaice;2016-11-19;2016;4;11;OXBH.2016.2;No;10190;2;V;3 N VÄSTRA NABBEN;0;0;9;;25;4060;40G5;5549.47;1519.46;54.7;30;1.45;85;4.5;;0.457;15.6;76;280;;2
Plaice;2016-11-19;2016;4;11;OXBH.2016.2;No;10190;2;V;3 N VÄSTRA NABBEN;0;0;9;;25;4060;40G5;5549.47;1519.46;54.7;30;1.45;85;4.5;;0.457;15.6;76;290;;6
Plaice;2016-11-19;2016;4;11;OXBH.2016.2;No;10190;2;V;3 N VÄSTRA NABBEN;0;0;9;;25;4060;40G5;5549.47;1519.46;54.7;30;1.45;85;4.5;;0.457;15.6;76;300;;6
Plaice;2016-11-19;2016;4;11;OXBH.2016.2;No;10190;2;V;3 N VÄSTRA NABBEN;0;0;9;;25;4060;40G5;5549.47;1519.46;54.7;30;1.45;85;4.5;;0.457;15.6;76;310;;2
Plaice;2016-11-19;2016;4;11;OXBH.2016.2;No;10190;2;V;3 N VÄSTRA NABBEN;0;0;9;;25;4060;40G5;5549.47;1519.46;54.7;30;1.45;85;4.5;;0.457;15.6;76;320;;4
Plaice;2016-11-19;2016;4;11;OXBH.2016.2;No;10190;2;V;3 N VÄSTRA NABBEN;0;0;9;;25;4060;40G5;5549.47;1519.46;54.7;30;1.45;85;4.5;;0.457;15.6;76;340;;4
Plaice;2016-11-19;2016;4;11;OXBH.2016.4;No;10191;4;V;2 N TÅNGEN;0;0;9;;25;4060;40G5;5544.82;1549.15;54.8;30;1.51;88;4.6;;0.492;4.672;28;180;;2
Plaice;2016-11-19;2016;4;11;OXBH.2016.4;No;10191;4;V;2 N TÅNGEN;0;0;9;;25;4060;40G5;5544.82;1549.15;54.8;30;1.51;88;4.6;;0.492;4.672;28;190;;4
Plaice;2016-11-19;2016;4;11;OXBH.2016.4;No;10191;4;V;2 N TÅNGEN;0;0;9;;25;4060;40G5;5544.82;1549.15;54.8;30;1.51;88;4.6;;0.492;4.672;28;220;;2
Plaice;2016-11-19;2016;4;11;OXBH.2016.4;No;10191;4;V;2 N TÅNGEN;0;0;9;;25;4060;40G5;5544.82;1549.15;54.8;30;1.51;88;4.6;;0.492;4.672;28;230;;4
Plaice;2016-11-19;2016;4;11;OXBH.2016.4;No;10191;4;V;2 N TÅNGEN;0;0;9;;25;4060;40G5;5544.82;1549.15;54.8;30;1.51;88;4.6;;0.492;4.672;28;240;;2
Plaice;2016-11-19;2016;4;11;OXBH.2016.4;No;10191;4;V;2 N TÅNGEN;0;0;9;;25;4060;40G5;5544.82;1549.15;54.8;30;1.51;88;4.6;;0.492;4.672;28;280;;12
Plaice;2016-11-19;2016;4;11;OXBH.2016.4;No;10191;4;V;2 N TÅNGEN;0;0;9;;25;4060;40G5;5544.82;1549.15;54.8;30;1.51;88;4.6;;0.492;4.672;28;310;;2
Plaice;2016-11-20;2016;4;11;OXBH.2016.6;No;10192;6;V;13 NE SÖDRA MIDSJÖBANKEN;0;0;9;;25;4062;40G7;5546.63;1742;57;30;1.52;92;4.5;;0.518;0.242;2;230;;2
Plaice;2016-11-20;2016;4;11;OXBH.2016.7;No;10193;7;V;26 E NORRA MIDSJÖBANKEN;0;0;9;;26;4163;41G8;5605.95;1805.06;56;30;1.51;87;4.8;;0.487;0.144;2;190;;2
Plaice;2016-11-20;2016;4;11;OXBH.2016.10;No;10194;10;N;15 W BANANBANKEN;;;;;26;4163;41G8;5608;1819;77;30;1.5;;;;;;;;;
Plaice;2016-11-20;2016;4;11;OXBH.2016.11;No;10195;11;V;20 S HOBURG BANK;;;;;26;4163;41G8;5613.14;1825.6;71;30;1.51;;;;;;;;;
Plaice;2016-11-21;2016;4;11;OXBH.2016.15;No;10196;15;V;11 SSW BANANBANK;;;;;26;4063;40G8;5555.2;1835.5;113.7;30;1.5;;;;;;;;;
Plaice;2016-11-21;2016;4;11;OXBH.2016.17;No;10197;17;V;6 NW BANANBANKEN;;;;;26;4163;41G8;5620.38;1843.51;114;30;1.51;;;;;;;;;
Plaice;2016-11-21;2016;4;11;OXBH.2016.18;No;10198;18;V;14 S HOBURG BANK;;;;;26;4163;41G8;5621.67;1830.25;53;30;1.49;;;;;;;;;
Plaice;2016-11-22;2016;4;11;OXBH.2016.21;No;10199;21;V;5 ESE NÄR;;;;;28;4363;43G8;5712.88;1851.06;42.5;30;1.48;;;;;;;;;
Plaice;2016-11-22;2016;4;11;OXBH.2016.23;No;10200;23;N;13 E LJUGARN;;;;;28;4364;43G9;5715.35;1904.3;81.5;30;1.5;;;;;;;;;
Plaice;2016-11-22;2016;4;11;OXBH.2016.25;No;10201;25;N;8 SE ÖSTERGARN NORD;;;;;28;4364;43G9;5721;1909;83;30;1.5;;;;;;;;;
Plaice;2016-11-22;2016;4;11;OXBH.2016.26;No;10202;26;V;3,8 SE GRAUTEN;;;;;28;4464;44G9;5742.31;1908.73;42;25;1.28;;;;;;;;;
Plaice;2016-11-23;2016;4;11;OXBH.2016.29;No;10203;29;I;3 SE GRAUTEN;;;;;28;4464;44G9;5740.24;1903.9;35.5;30;1.53;;;;;;;;;
Plaice;2016-11-23;2016;4;11;OXBH.2016.30;No;10204;30;V;5 SE FÅRÖ;;;;;28;4464;44G9;5753.08;1925.39;47.4;30;1.4;;;;;;;;;
Plaice;2016-11-23;2016;4;11;OXBH.2016.33;No;10205;33;N;2 E SALVOREV;;;;;28;4564;45G9;5803;1926.75;73;30;1.5;;;;;;;;;
Plaice;2016-11-23;2016;4;11;OXBH.2016.35;No;10206;35;N;10 NW VISBY;;;;;27;4463;44G8;5746;1807;106;30;1.5;;;;;;;;;
Plaice;2016-11-24;2016;4;11;OXBH.2016.37;No;10207;37;N;10 SE KNOLLS GRUND;;;;;27;4362;43G7;5729;1743.5;108;30;1.5;;;;;;;;;
Plaice;2016-11-24;2016;4;11;OXBH.2016.39;No;10208;39;V;5 SSE KNOLLS GRUND;;;;;27;4362;43G7;5729.82;1734.2;72;30;1.53;;;;;;;;;
Plaice;2016-11-24;2016;4;11;OXBH.2016.41;No;10209;41;V;7 ESE HÖGBY FYR;;;;;27;4362;43G7;5707.63;1717.42;72;30;1.49;;;;;;;;;
Plaice;2016-11-24;2016;4;11;OXBH.2016.43;No;10210;43;A;10 E KÅREHAMN;;;;;27;4262;42G7;5657.93;1711.22;72.4;30;1.5;;;;;;;;;
Plaice;2016-11-24;2016;4;11;OXBH.2016.45;No;10211;45;N;11,5 NW HOBURG;;;;;27;4362;43G7;5702.5;1752.4;83;30;1.5;;;;;;;;;
Plaice;2016-11-25;2016;4;11;OXBH.2016.47;No;10212;47;V;8 NW HOBURG;;;;;27;4362;43G7;5701.36;1757.39;65;30;1.47;;;;;;;;;
Plaice;2016-11-25;2016;4;11;OXBH.2016.48;No;10213;48;A;9 SE KAPELLUDDEN;;;;;27;4261;42G6;5643.66;1659.67;65;30;1.52;;;;;;;;;
Plaice;2016-11-25;2016;4;11;OXBH.2016.50;No;10214;50;V;6 SE BLÄSINGE;0;0;9;;27;4261;42G6;5634.22;1651.15;62;20;1.01;87;4.3;;0.488;0.87;3;300;;3
Plaice;2016-11-26;2016;4;11;OXBH.2016.53;No;10215;53;N;8 SE BLÄSINGE;;;;;27;4261;42G6;5632;1655;73;30;1.5;;;;;;;;;
Plaice;2016-11-26;2016;4;11;OXBH.2016.55;No;10216;55;N;15 NE SEGERSTAD;;;;;25;4161;41G6;5629;1657.5;70;30;1.5;;;;;;;;;
Plaice;2016-11-26;2016;4;11;OXBH.2016.56;No;10217;56;A;6,5 NE SEGERSTAD;0;0;9;;25;4161;41G6;5627.16;1646.74;61;30;1.51;84;4.9;;0.47;1.208;8;220;;2
Plaice;2016-11-26;2016;4;11;OXBH.2016.56;No;10217;56;A;6,5 NE SEGERSTAD;0;0;9;;25;4161;41G6;5627.16;1646.74;61;30;1.51;84;4.9;;0.47;1.208;8;230;;2
Plaice;2016-11-26;2016;4;11;OXBH.2016.56;No;10217;56;A;6,5 NE SEGERSTAD;0;0;9;;25;4161;41G6;5627.16;1646.74;61;30;1.51;84;4.9;;0.47;1.208;8;270;;2
Plaice;2016-11-26;2016;4;11;OXBH.2016.56;No;10217;56;A;6,5 NE SEGERSTAD;0;0;9;;25;4161;41G6;5627.16;1646.74;61;30;1.51;84;4.9;;0.47;1.208;8;280;;2
Plaice;2016-11-27;2016;4;11;OXBH.2016.59;No;10218;59;I;5 ENE STENS HUVUD;;;;;25;4059;40G4;5542.13;1422.15;38;30;1.5;;;;;;;;;
Plaice;2016-11-27;2016;4;11;OXBH.2016.60;No;10219;60;V;RACKAPUTT NORD;0;0;9;;25;4059;40G4;5541.11;1430.29;47;30;1.51;77;4.9;;0.431;8.532;36;210;;2
Plaice;2016-11-27;2016;4;11;OXBH.2016.60;No;10219;60;V;RACKAPUTT NORD;0;0;9;;25;4059;40G4;5541.11;1430.29;47;30;1.51;77;4.9;;0.431;8.532;36;220;;2
Plaice;2016-11-27;2016;4;11;OXBH.2016.60;No;10219;60;V;RACKAPUTT NORD;0;0;9;;25;4059;40G4;5541.11;1430.29;47;30;1.51;77;4.9;;0.431;8.532;36;230;;2
Plaice;2016-11-27;2016;4;11;OXBH.2016.60;No;10219;60;V;RACKAPUTT NORD;0;0;9;;25;4059;40G4;5541.11;1430.29;47;30;1.51;77;4.9;;0.431;8.532;36;250;;4
Plaice;2016-11-27;2016;4;11;OXBH.2016.60;No;10219;60;V;RACKAPUTT NORD;0;0;9;;25;4059;40G4;5541.11;1430.29;47;30;1.51;77;4.9;;0.431;8.532;36;260;;4
Plaice;2016-11-27;2016;4;11;OXBH.2016.60;No;10219;60;V;RACKAPUTT NORD;0;0;9;;25;4059;40G4;5541.11;1430.29;47;30;1.51;77;4.9;;0.431;8.532;36;270;;2
Plaice;2016-11-27;2016;4;11;OXBH.2016.60;No;10219;60;V;RACKAPUTT NORD;0;0;9;;25;4059;40G4;5541.11;1430.29;47;30;1.51;77;4.9;;0.431;8.532;36;280;;6
Plaice;2016-11-27;2016;4;11;OXBH.2016.60;No;10219;60;V;RACKAPUTT NORD;0;0;9;;25;4059;40G4;5541.11;1430.29;47;30;1.51;77;4.9;;0.431;8.532;36;290;;4
Plaice;2016-11-27;2016;4;11;OXBH.2016.60;No;10219;60;V;RACKAPUTT NORD;0;0;9;;25;4059;40G4;5541.11;1430.29;47;30;1.51;77;4.9;;0.431;8.532;36;300;;6
Plaice;2016-11-27;2016;4;11;OXBH.2016.60;No;10219;60;V;RACKAPUTT NORD;0;0;9;;25;4059;40G4;5541.11;1430.29;47;30;1.51;77;4.9;;0.431;8.532;36;310;;2
Plaice;2016-11-27;2016;4;11;OXBH.2016.60;No;10219;60;V;RACKAPUTT NORD;0;0;9;;25;4059;40G4;5541.11;1430.29;47;30;1.51;77;4.9;;0.431;8.532;36;390;;2
Plaice;2016-11-27;2016;4;11;OXBH.2016.62;No;10220;62;A;RACKAPUTT OST;0;0;9;;25;4059;40G4;5540.38;1429.36;51;30;1.53;80;4.9;;0.453;6.048;26;210;;4
Plaice;2016-11-27;2016;4;11;OXBH.2016.62;No;10220;62;A;RACKAPUTT OST;0;0;9;;25;4059;40G4;5540.38;1429.36;51;30;1.53;80;4.9;;0.453;6.048;26;220;;4
Plaice;2016-11-27;2016;4;11;OXBH.2016.62;No;10220;62;A;RACKAPUTT OST;0;0;9;;25;4059;40G4;5540.38;1429.36;51;30;1.53;80;4.9;;0.453;6.048;26;240;;2
Plaice;2016-11-27;2016;4;11;OXBH.2016.62;No;10220;62;A;RACKAPUTT OST;0;0;9;;25;4059;40G4;5540.38;1429.36;51;30;1.53;80;4.9;;0.453;6.048;26;260;;2
Plaice;2016-11-27;2016;4;11;OXBH.2016.62;No;10220;62;A;RACKAPUTT OST;0;0;9;;25;4059;40G4;5540.38;1429.36;51;30;1.53;80;4.9;;0.453;6.048;26;270;;4
Plaice;2016-11-27;2016;4;11;OXBH.2016.62;No;10220;62;A;RACKAPUTT OST;0;0;9;;25;4059;40G4;5540.38;1429.36;51;30;1.53;80;4.9;;0.453;6.048;26;280;;2
Plaice;2016-11-27;2016;4;11;OXBH.2016.62;No;10220;62;A;RACKAPUTT OST;0;0;9;;25;4059;40G4;5540.38;1429.36;51;30;1.53;80;4.9;;0.453;6.048;26;290;;2
Plaice;2016-11-27;2016;4;11;OXBH.2016.62;No;10220;62;A;RACKAPUTT OST;0;0;9;;25;4059;40G4;5540.38;1429.36;51;30;1.53;80;4.9;;0.453;6.048;26;320;;4
Plaice;2016-11-27;2016;4;11;OXBH.2016.62;No;10220;62;A;RACKAPUTT OST;0;0;9;;25;4059;40G4;5540.38;1429.36;51;30;1.53;80;4.9;;0.453;6.048;26;360;;2
